IXI002-Guys-0828,training
IXI012-HH-1211,validation
IXI013-HH-1212,training
IXI014-HH-1236,inference
IXI015-HH-1258,training
IXI016-Guys-0697,training
IXI017-Guys-0698,training
IXI019-Guys-0702,training
IXI020-Guys-0700,inference
IXI021-Guys-0703,training
IXI022-Guys-0701,validation
IXI023-Guys-0699,training
IXI024-Guys-0705,validation
IXI025-Guys-0852,training
IXI026-Guys-0696,training
IXI027-Guys-0710,training
IXI028-Guys-1038,training
IXI029-Guys-0829,training
IXI030-Guys-0708,training
IXI031-Guys-0797,training
IXI033-HH-1259,training
IXI034-HH-1260,inference
IXI035-IOP-0873,training
IXI036-Guys-0736,training
IXI037-Guys-0704,training
IXI038-Guys-0729,training
IXI039-HH-1261,training
IXI040-Guys-0724,training
IXI041-Guys-0706,training
IXI042-Guys-0725,training
IXI043-Guys-0714,validation
IXI044-Guys-0712,training
IXI045-Guys-0713,training
IXI046-Guys-0824,training
IXI048-HH-1326,inference
IXI049-HH-1358,training
IXI050-Guys-0711,training
IXI051-HH-1328,training
IXI052-HH-1343,training
IXI053-Guys-0727,training
IXI054-Guys-0707,training
IXI055-Guys-0730,training
IXI074-Guys-0771,validation
IXI075-Guys-0754,training
IXI076-Guys-0753,training
IXI077-Guys-0752,training
IXI078-Guys-0751,training
IXI079-HH-1388,inference
IXI632-HH-2652,training
IXI633-HH-2689,training
IXI634-HH-2690,training
IXI635-HH-2691,training
IXI636-HH-2733,inference
IXI637-HH-2785,validation
IXI638-HH-2786,training
IXI639-Guys-1088,training
IXI640-Guys-1106,training
IXI641-Guys-1105,training
IXI642-Guys-1104,training
IXI643-HH-2787,training
IXI644-Guys-1121,training
IXI646-HH-2653,training
IXI648-Guys-1107,training
IXI651-Guys-1118,inference
IXI652-Guys-1116,training
IXI653-Guys-1122,training
IXI661-HH-2788,training
IXI662-Guys-1120,validation
