002Guys0828,/home/julien/traineeship/mmiv/data/labels/IXI002-Guys-0828-ribbon.nii.gz
012HH1211,/home/julien/traineeship/mmiv/data/labels/IXI012-HH-1211-ribbon.nii.gz
013HH1212,/home/julien/traineeship/mmiv/data/labels/IXI013-HH-1212-ribbon.nii.gz
014HH1236,/home/julien/traineeship/mmiv/data/labels/IXI014-HH-1236-ribbon.nii.gz
015HH1258,/home/julien/traineeship/mmiv/data/labels/IXI015-HH-1258-ribbon.nii.gz
016Guys0697,/home/julien/traineeship/mmiv/data/labels/IXI016-Guys-0697-ribbon.nii.gz
017Guys0698,/home/julien/traineeship/mmiv/data/labels/IXI017-Guys-0698-ribbon.nii.gz
019Guys0702,/home/julien/traineeship/mmiv/data/labels/IXI019-Guys-0702-ribbon.nii.gz
020Guys0700,/home/julien/traineeship/mmiv/data/labels/IXI020-Guys-0700-ribbon.nii.gz
021Guys0703,/home/julien/traineeship/mmiv/data/labels/IXI021-Guys-0703-ribbon.nii.gz
022Guys0701,/home/julien/traineeship/mmiv/data/labels/IXI022-Guys-0701-ribbon.nii.gz
023Guys0699,/home/julien/traineeship/mmiv/data/labels/IXI023-Guys-0699-ribbon.nii.gz
024Guys0705,/home/julien/traineeship/mmiv/data/labels/IXI024-Guys-0705-ribbon.nii.gz
025Guys0852,/home/julien/traineeship/mmiv/data/labels/IXI025-Guys-0852-ribbon.nii.gz
026Guys0696,/home/julien/traineeship/mmiv/data/labels/IXI026-Guys-0696-ribbon.nii.gz
027Guys0710,/home/julien/traineeship/mmiv/data/labels/IXI027-Guys-0710-ribbon.nii.gz
028Guys1038,/home/julien/traineeship/mmiv/data/labels/IXI028-Guys-1038-ribbon.nii.gz
029Guys0829,/home/julien/traineeship/mmiv/data/labels/IXI029-Guys-0829-ribbon.nii.gz
030Guys0708,/home/julien/traineeship/mmiv/data/labels/IXI030-Guys-0708-ribbon.nii.gz
031Guys0797,/home/julien/traineeship/mmiv/data/labels/IXI031-Guys-0797-ribbon.nii.gz
033HH1259,/home/julien/traineeship/mmiv/data/labels/IXI033-HH-1259-ribbon.nii.gz
034HH1260,/home/julien/traineeship/mmiv/data/labels/IXI034-HH-1260-ribbon.nii.gz
035IOP0873,/home/julien/traineeship/mmiv/data/labels/IXI035-IOP-0873-ribbon.nii.gz
036Guys0736,/home/julien/traineeship/mmiv/data/labels/IXI036-Guys-0736-ribbon.nii.gz
037Guys0704,/home/julien/traineeship/mmiv/data/labels/IXI037-Guys-0704-ribbon.nii.gz
038Guys0729,/home/julien/traineeship/mmiv/data/labels/IXI038-Guys-0729-ribbon.nii.gz
039HH1261,/home/julien/traineeship/mmiv/data/labels/IXI039-HH-1261-ribbon.nii.gz
040Guys0724,/home/julien/traineeship/mmiv/data/labels/IXI040-Guys-0724-ribbon.nii.gz
041Guys0706,/home/julien/traineeship/mmiv/data/labels/IXI041-Guys-0706-ribbon.nii.gz
042Guys0725,/home/julien/traineeship/mmiv/data/labels/IXI042-Guys-0725-ribbon.nii.gz
043Guys0714,/home/julien/traineeship/mmiv/data/labels/IXI043-Guys-0714-ribbon.nii.gz
044Guys0712,/home/julien/traineeship/mmiv/data/labels/IXI044-Guys-0712-ribbon.nii.gz
045Guys0713,/home/julien/traineeship/mmiv/data/labels/IXI045-Guys-0713-ribbon.nii.gz
046Guys0824,/home/julien/traineeship/mmiv/data/labels/IXI046-Guys-0824-ribbon.nii.gz
048HH1326,/home/julien/traineeship/mmiv/data/labels/IXI048-HH-1326-ribbon.nii.gz
049HH1358,/home/julien/traineeship/mmiv/data/labels/IXI049-HH-1358-ribbon.nii.gz
050Guys0711,/home/julien/traineeship/mmiv/data/labels/IXI050-Guys-0711-ribbon.nii.gz
051HH1328,/home/julien/traineeship/mmiv/data/labels/IXI051-HH-1328-ribbon.nii.gz
052HH1343,/home/julien/traineeship/mmiv/data/labels/IXI052-HH-1343-ribbon.nii.gz
053Guys0727,/home/julien/traineeship/mmiv/data/labels/IXI053-Guys-0727-ribbon.nii.gz
054Guys0707,/home/julien/traineeship/mmiv/data/labels/IXI054-Guys-0707-ribbon.nii.gz
055Guys0730,/home/julien/traineeship/mmiv/data/labels/IXI055-Guys-0730-ribbon.nii.gz
056HH1327,/home/julien/traineeship/mmiv/data/labels/IXI056-HH-1327-ribbon.nii.gz
057HH1342,/home/julien/traineeship/mmiv/data/labels/IXI057-HH-1342-ribbon.nii.gz
058Guys0726,/home/julien/traineeship/mmiv/data/labels/IXI058-Guys-0726-ribbon.nii.gz
059HH1284,/home/julien/traineeship/mmiv/data/labels/IXI059-HH-1284-ribbon.nii.gz
060Guys0709,/home/julien/traineeship/mmiv/data/labels/IXI060-Guys-0709-ribbon.nii.gz
061Guys0715,/home/julien/traineeship/mmiv/data/labels/IXI061-Guys-0715-ribbon.nii.gz
062Guys0740,/home/julien/traineeship/mmiv/data/labels/IXI062-Guys-0740-ribbon.nii.gz
063Guys0742,/home/julien/traineeship/mmiv/data/labels/IXI063-Guys-0742-ribbon.nii.gz
064Guys0743,/home/julien/traineeship/mmiv/data/labels/IXI064-Guys-0743-ribbon.nii.gz
065Guys0744,/home/julien/traineeship/mmiv/data/labels/IXI065-Guys-0744-ribbon.nii.gz
066Guys0731,/home/julien/traineeship/mmiv/data/labels/IXI066-Guys-0731-ribbon.nii.gz
067HH1356,/home/julien/traineeship/mmiv/data/labels/IXI067-HH-1356-ribbon.nii.gz
068Guys0756,/home/julien/traineeship/mmiv/data/labels/IXI068-Guys-0756-ribbon.nii.gz
069Guys0769,/home/julien/traineeship/mmiv/data/labels/IXI069-Guys-0769-ribbon.nii.gz
070Guys0767,/home/julien/traineeship/mmiv/data/labels/IXI070-Guys-0767-ribbon.nii.gz
071Guys0770,/home/julien/traineeship/mmiv/data/labels/IXI071-Guys-0770-ribbon.nii.gz
072HH2324,/home/julien/traineeship/mmiv/data/labels/IXI072-HH-2324-ribbon.nii.gz
073Guys0755,/home/julien/traineeship/mmiv/data/labels/IXI073-Guys-0755-ribbon.nii.gz
074Guys0771,/home/julien/traineeship/mmiv/data/labels/IXI074-Guys-0771-ribbon.nii.gz
075Guys0754,/home/julien/traineeship/mmiv/data/labels/IXI075-Guys-0754-ribbon.nii.gz
076Guys0753,/home/julien/traineeship/mmiv/data/labels/IXI076-Guys-0753-ribbon.nii.gz
077Guys0752,/home/julien/traineeship/mmiv/data/labels/IXI077-Guys-0752-ribbon.nii.gz
078Guys0751,/home/julien/traineeship/mmiv/data/labels/IXI078-Guys-0751-ribbon.nii.gz
079HH1388,/home/julien/traineeship/mmiv/data/labels/IXI079-HH-1388-ribbon.nii.gz
080HH1341,/home/julien/traineeship/mmiv/data/labels/IXI080-HH-1341-ribbon.nii.gz
081Guys0855,/home/julien/traineeship/mmiv/data/labels/IXI081-Guys-0855-ribbon.nii.gz
083HH1357,/home/julien/traineeship/mmiv/data/labels/IXI083-HH-1357-ribbon.nii.gz
084Guys0741,/home/julien/traineeship/mmiv/data/labels/IXI084-Guys-0741-ribbon.nii.gz
085Guys0759,/home/julien/traineeship/mmiv/data/labels/IXI085-Guys-0759-ribbon.nii.gz
086Guys0728,/home/julien/traineeship/mmiv/data/labels/IXI086-Guys-0728-ribbon.nii.gz
087Guys0768,/home/julien/traineeship/mmiv/data/labels/IXI087-Guys-0768-ribbon.nii.gz
088Guys0758,/home/julien/traineeship/mmiv/data/labels/IXI088-Guys-0758-ribbon.nii.gz
089Guys0757,/home/julien/traineeship/mmiv/data/labels/IXI089-Guys-0757-ribbon.nii.gz
090Guys0800,/home/julien/traineeship/mmiv/data/labels/IXI090-Guys-0800-ribbon.nii.gz
091Guys0762,/home/julien/traineeship/mmiv/data/labels/IXI091-Guys-0762-ribbon.nii.gz
092HH1436,/home/julien/traineeship/mmiv/data/labels/IXI092-HH-1436-ribbon.nii.gz
093HH1359,/home/julien/traineeship/mmiv/data/labels/IXI093-HH-1359-ribbon.nii.gz
094HH1355,/home/julien/traineeship/mmiv/data/labels/IXI094-HH-1355-ribbon.nii.gz
095HH1390,/home/julien/traineeship/mmiv/data/labels/IXI095-HH-1390-ribbon.nii.gz
096HH1391,/home/julien/traineeship/mmiv/data/labels/IXI096-HH-1391-ribbon.nii.gz
097HH1619,/home/julien/traineeship/mmiv/data/labels/IXI097-HH-1619-ribbon.nii.gz
098Guys0745,/home/julien/traineeship/mmiv/data/labels/IXI098-Guys-0745-ribbon.nii.gz
099Guys0748,/home/julien/traineeship/mmiv/data/labels/IXI099-Guys-0748-ribbon.nii.gz
100Guys0747,/home/julien/traineeship/mmiv/data/labels/IXI100-Guys-0747-ribbon.nii.gz
101Guys0749,/home/julien/traineeship/mmiv/data/labels/IXI101-Guys-0749-ribbon.nii.gz
102HH1416,/home/julien/traineeship/mmiv/data/labels/IXI102-HH-1416-ribbon.nii.gz
103Guys0750,/home/julien/traineeship/mmiv/data/labels/IXI103-Guys-0750-ribbon.nii.gz
104HH1450,/home/julien/traineeship/mmiv/data/labels/IXI104-HH-1450-ribbon.nii.gz
105HH1471,/home/julien/traineeship/mmiv/data/labels/IXI105-HH-1471-ribbon.nii.gz
106Guys0760,/home/julien/traineeship/mmiv/data/labels/IXI106-Guys-0760-ribbon.nii.gz
107Guys0761,/home/julien/traineeship/mmiv/data/labels/IXI107-Guys-0761-ribbon.nii.gz
108Guys0865,/home/julien/traineeship/mmiv/data/labels/IXI108-Guys-0865-ribbon.nii.gz
109Guys0732,/home/julien/traineeship/mmiv/data/labels/IXI109-Guys-0732-ribbon.nii.gz
110Guys0733,/home/julien/traineeship/mmiv/data/labels/IXI110-Guys-0733-ribbon.nii.gz
111Guys0734,/home/julien/traineeship/mmiv/data/labels/IXI111-Guys-0734-ribbon.nii.gz
112Guys0735,/home/julien/traineeship/mmiv/data/labels/IXI112-Guys-0735-ribbon.nii.gz
113Guys0776,/home/julien/traineeship/mmiv/data/labels/IXI113-Guys-0776-ribbon.nii.gz
114Guys0737,/home/julien/traineeship/mmiv/data/labels/IXI114-Guys-0737-ribbon.nii.gz
115Guys0738,/home/julien/traineeship/mmiv/data/labels/IXI115-Guys-0738-ribbon.nii.gz
116Guys0739,/home/julien/traineeship/mmiv/data/labels/IXI116-Guys-0739-ribbon.nii.gz
117Guys0763,/home/julien/traineeship/mmiv/data/labels/IXI117-Guys-0763-ribbon.nii.gz
118Guys0764,/home/julien/traineeship/mmiv/data/labels/IXI118-Guys-0764-ribbon.nii.gz
119Guys0765,/home/julien/traineeship/mmiv/data/labels/IXI119-Guys-0765-ribbon.nii.gz
120Guys0766,/home/julien/traineeship/mmiv/data/labels/IXI120-Guys-0766-ribbon.nii.gz
121Guys0772,/home/julien/traineeship/mmiv/data/labels/IXI121-Guys-0772-ribbon.nii.gz
122Guys0773,/home/julien/traineeship/mmiv/data/labels/IXI122-Guys-0773-ribbon.nii.gz
123Guys0774,/home/julien/traineeship/mmiv/data/labels/IXI123-Guys-0774-ribbon.nii.gz
126HH1437,/home/julien/traineeship/mmiv/data/labels/IXI126-HH-1437-ribbon.nii.gz
127HH1451,/home/julien/traineeship/mmiv/data/labels/IXI127-HH-1451-ribbon.nii.gz
128HH1470,/home/julien/traineeship/mmiv/data/labels/IXI128-HH-1470-ribbon.nii.gz
129Guys0775,/home/julien/traineeship/mmiv/data/labels/IXI129-Guys-0775-ribbon.nii.gz
130HH1528,/home/julien/traineeship/mmiv/data/labels/IXI130-HH-1528-ribbon.nii.gz
131HH1527,/home/julien/traineeship/mmiv/data/labels/IXI131-HH-1527-ribbon.nii.gz
132HH1415,/home/julien/traineeship/mmiv/data/labels/IXI132-HH-1415-ribbon.nii.gz
134Guys0780,/home/julien/traineeship/mmiv/data/labels/IXI134-Guys-0780-ribbon.nii.gz
135Guys0779,/home/julien/traineeship/mmiv/data/labels/IXI135-Guys-0779-ribbon.nii.gz
136HH1452,/home/julien/traineeship/mmiv/data/labels/IXI136-HH-1452-ribbon.nii.gz
137HH1472,/home/julien/traineeship/mmiv/data/labels/IXI137-HH-1472-ribbon.nii.gz
138Guys0746,/home/julien/traineeship/mmiv/data/labels/IXI138-Guys-0746-ribbon.nii.gz
139Guys0815,/home/julien/traineeship/mmiv/data/labels/IXI139-Guys-0815-ribbon.nii.gz
140Guys0787,/home/julien/traineeship/mmiv/data/labels/IXI140-Guys-0787-ribbon.nii.gz
141Guys0789,/home/julien/traineeship/mmiv/data/labels/IXI141-Guys-0789-ribbon.nii.gz
142Guys0786,/home/julien/traineeship/mmiv/data/labels/IXI142-Guys-0786-ribbon.nii.gz
143Guys0785,/home/julien/traineeship/mmiv/data/labels/IXI143-Guys-0785-ribbon.nii.gz
144Guys0788,/home/julien/traineeship/mmiv/data/labels/IXI144-Guys-0788-ribbon.nii.gz
145Guys0781,/home/julien/traineeship/mmiv/data/labels/IXI145-Guys-0781-ribbon.nii.gz
146HH1389,/home/julien/traineeship/mmiv/data/labels/IXI146-HH-1389-ribbon.nii.gz
148HH1453,/home/julien/traineeship/mmiv/data/labels/IXI148-HH-1453-ribbon.nii.gz
150HH1550,/home/julien/traineeship/mmiv/data/labels/IXI150-HH-1550-ribbon.nii.gz
151Guys0793,/home/julien/traineeship/mmiv/data/labels/IXI151-Guys-0793-ribbon.nii.gz
153Guys0782,/home/julien/traineeship/mmiv/data/labels/IXI153-Guys-0782-ribbon.nii.gz
154Guys0821,/home/julien/traineeship/mmiv/data/labels/IXI154-Guys-0821-ribbon.nii.gz
156Guys0837,/home/julien/traineeship/mmiv/data/labels/IXI156-Guys-0837-ribbon.nii.gz
157Guys0816,/home/julien/traineeship/mmiv/data/labels/IXI157-Guys-0816-ribbon.nii.gz
158Guys0783,/home/julien/traineeship/mmiv/data/labels/IXI158-Guys-0783-ribbon.nii.gz
159HH1549,/home/julien/traineeship/mmiv/data/labels/IXI159-HH-1549-ribbon.nii.gz
160HH1637,/home/julien/traineeship/mmiv/data/labels/IXI160-HH-1637-ribbon.nii.gz
161HH2533,/home/julien/traineeship/mmiv/data/labels/IXI161-HH-2533-ribbon.nii.gz
162HH1548,/home/julien/traineeship/mmiv/data/labels/IXI162-HH-1548-ribbon.nii.gz
163HH1621,/home/julien/traineeship/mmiv/data/labels/IXI163-HH-1621-ribbon.nii.gz
164Guys0844,/home/julien/traineeship/mmiv/data/labels/IXI164-Guys-0844-ribbon.nii.gz
165HH1589,/home/julien/traineeship/mmiv/data/labels/IXI165-HH-1589-ribbon.nii.gz
166Guys0846,/home/julien/traineeship/mmiv/data/labels/IXI166-Guys-0846-ribbon.nii.gz
167HH1569,/home/julien/traineeship/mmiv/data/labels/IXI167-HH-1569-ribbon.nii.gz
168HH1607,/home/julien/traineeship/mmiv/data/labels/IXI168-HH-1607-ribbon.nii.gz
169Guys0842,/home/julien/traineeship/mmiv/data/labels/IXI169-Guys-0842-ribbon.nii.gz
170Guys0843,/home/julien/traineeship/mmiv/data/labels/IXI170-Guys-0843-ribbon.nii.gz
172Guys0982,/home/julien/traineeship/mmiv/data/labels/IXI172-Guys-0982-ribbon.nii.gz
173HH1590,/home/julien/traineeship/mmiv/data/labels/IXI173-HH-1590-ribbon.nii.gz
174HH1571,/home/julien/traineeship/mmiv/data/labels/IXI174-HH-1571-ribbon.nii.gz
175HH1570,/home/julien/traineeship/mmiv/data/labels/IXI175-HH-1570-ribbon.nii.gz
176HH1604,/home/julien/traineeship/mmiv/data/labels/IXI176-HH-1604-ribbon.nii.gz
177Guys0831,/home/julien/traineeship/mmiv/data/labels/IXI177-Guys-0831-ribbon.nii.gz
178Guys0778,/home/julien/traineeship/mmiv/data/labels/IXI178-Guys-0778-ribbon.nii.gz
179Guys0777,/home/julien/traineeship/mmiv/data/labels/IXI179-Guys-0777-ribbon.nii.gz
180HH1605,/home/julien/traineeship/mmiv/data/labels/IXI180-HH-1605-ribbon.nii.gz
181Guys0790,/home/julien/traineeship/mmiv/data/labels/IXI181-Guys-0790-ribbon.nii.gz
182Guys0792,/home/julien/traineeship/mmiv/data/labels/IXI182-Guys-0792-ribbon.nii.gz
183Guys0791,/home/julien/traineeship/mmiv/data/labels/IXI183-Guys-0791-ribbon.nii.gz
184Guys0794,/home/julien/traineeship/mmiv/data/labels/IXI184-Guys-0794-ribbon.nii.gz
185Guys0795,/home/julien/traineeship/mmiv/data/labels/IXI185-Guys-0795-ribbon.nii.gz
186Guys0796,/home/julien/traineeship/mmiv/data/labels/IXI186-Guys-0796-ribbon.nii.gz
188Guys0798,/home/julien/traineeship/mmiv/data/labels/IXI188-Guys-0798-ribbon.nii.gz
189Guys0799,/home/julien/traineeship/mmiv/data/labels/IXI189-Guys-0799-ribbon.nii.gz
191Guys0801,/home/julien/traineeship/mmiv/data/labels/IXI191-Guys-0801-ribbon.nii.gz
192Guys0878,/home/julien/traineeship/mmiv/data/labels/IXI192-Guys-0878-ribbon.nii.gz
193Guys0810,/home/julien/traineeship/mmiv/data/labels/IXI193-Guys-0810-ribbon.nii.gz
194Guys0818,/home/julien/traineeship/mmiv/data/labels/IXI194-Guys-0818-ribbon.nii.gz
195HH1620,/home/julien/traineeship/mmiv/data/labels/IXI195-HH-1620-ribbon.nii.gz
196Guys0805,/home/julien/traineeship/mmiv/data/labels/IXI196-Guys-0805-ribbon.nii.gz
197Guys0811,/home/julien/traineeship/mmiv/data/labels/IXI197-Guys-0811-ribbon.nii.gz
198Guys0803,/home/julien/traineeship/mmiv/data/labels/IXI198-Guys-0803-ribbon.nii.gz
199Guys0802,/home/julien/traineeship/mmiv/data/labels/IXI199-Guys-0802-ribbon.nii.gz
200Guys0812,/home/julien/traineeship/mmiv/data/labels/IXI200-Guys-0812-ribbon.nii.gz
201HH1588,/home/julien/traineeship/mmiv/data/labels/IXI201-HH-1588-ribbon.nii.gz
202HH1526,/home/julien/traineeship/mmiv/data/labels/IXI202-HH-1526-ribbon.nii.gz
204HH1651,/home/julien/traineeship/mmiv/data/labels/IXI204-HH-1651-ribbon.nii.gz
205HH1649,/home/julien/traineeship/mmiv/data/labels/IXI205-HH-1649-ribbon.nii.gz
206HH1650,/home/julien/traineeship/mmiv/data/labels/IXI206-HH-1650-ribbon.nii.gz
207Guys0809,/home/julien/traineeship/mmiv/data/labels/IXI207-Guys-0809-ribbon.nii.gz
208Guys0808,/home/julien/traineeship/mmiv/data/labels/IXI208-Guys-0808-ribbon.nii.gz
209Guys0804,/home/julien/traineeship/mmiv/data/labels/IXI209-Guys-0804-ribbon.nii.gz
210Guys0856,/home/julien/traineeship/mmiv/data/labels/IXI210-Guys-0856-ribbon.nii.gz
211HH1568,/home/julien/traineeship/mmiv/data/labels/IXI211-HH-1568-ribbon.nii.gz
212HH1643,/home/julien/traineeship/mmiv/data/labels/IXI212-HH-1643-ribbon.nii.gz
213HH1642,/home/julien/traineeship/mmiv/data/labels/IXI213-HH-1642-ribbon.nii.gz
214HH1636,/home/julien/traineeship/mmiv/data/labels/IXI214-HH-1636-ribbon.nii.gz
216HH1635,/home/julien/traineeship/mmiv/data/labels/IXI216-HH-1635-ribbon.nii.gz
217HH1638,/home/julien/traineeship/mmiv/data/labels/IXI217-HH-1638-ribbon.nii.gz
218HH1815,/home/julien/traineeship/mmiv/data/labels/IXI218-HH-1815-ribbon.nii.gz
219Guys0894,/home/julien/traineeship/mmiv/data/labels/IXI219-Guys-0894-ribbon.nii.gz
221HH1606,/home/julien/traineeship/mmiv/data/labels/IXI221-HH-1606-ribbon.nii.gz
222Guys0819,/home/julien/traineeship/mmiv/data/labels/IXI222-Guys-0819-ribbon.nii.gz
223Guys0830,/home/julien/traineeship/mmiv/data/labels/IXI223-Guys-0830-ribbon.nii.gz
224Guys0823,/home/julien/traineeship/mmiv/data/labels/IXI224-Guys-0823-ribbon.nii.gz
225Guys0832,/home/julien/traineeship/mmiv/data/labels/IXI225-Guys-0832-ribbon.nii.gz
226HH1618,/home/julien/traineeship/mmiv/data/labels/IXI226-HH-1618-ribbon.nii.gz
227Guys0813,/home/julien/traineeship/mmiv/data/labels/IXI227-Guys-0813-ribbon.nii.gz
228Guys0822,/home/julien/traineeship/mmiv/data/labels/IXI228-Guys-0822-ribbon.nii.gz
229Guys0980,/home/julien/traineeship/mmiv/data/labels/IXI229-Guys-0980-ribbon.nii.gz
230IOP0869,/home/julien/traineeship/mmiv/data/labels/IXI230-IOP-0869-ribbon.nii.gz
231IOP0866,/home/julien/traineeship/mmiv/data/labels/IXI231-IOP-0866-ribbon.nii.gz
232IOP0898,/home/julien/traineeship/mmiv/data/labels/IXI232-IOP-0898-ribbon.nii.gz
233IOP0875,/home/julien/traineeship/mmiv/data/labels/IXI233-IOP-0875-ribbon.nii.gz
234IOP0870,/home/julien/traineeship/mmiv/data/labels/IXI234-IOP-0870-ribbon.nii.gz
236Guys0817,/home/julien/traineeship/mmiv/data/labels/IXI236-Guys-0817-ribbon.nii.gz
237Guys1049,/home/julien/traineeship/mmiv/data/labels/IXI237-Guys-1049-ribbon.nii.gz
238IOP0883,/home/julien/traineeship/mmiv/data/labels/IXI238-IOP-0883-ribbon.nii.gz
239HH2296,/home/julien/traineeship/mmiv/data/labels/IXI239-HH-2296-ribbon.nii.gz
240Guys0834,/home/julien/traineeship/mmiv/data/labels/IXI240-Guys-0834-ribbon.nii.gz
241Guys0833,/home/julien/traineeship/mmiv/data/labels/IXI241-Guys-0833-ribbon.nii.gz
242HH1722,/home/julien/traineeship/mmiv/data/labels/IXI242-HH-1722-ribbon.nii.gz
244Guys0841,/home/julien/traineeship/mmiv/data/labels/IXI244-Guys-0841-ribbon.nii.gz
246Guys0840,/home/julien/traineeship/mmiv/data/labels/IXI246-Guys-0840-ribbon.nii.gz
247Guys0838,/home/julien/traineeship/mmiv/data/labels/IXI247-Guys-0838-ribbon.nii.gz
248HH1972,/home/julien/traineeship/mmiv/data/labels/IXI248-HH-1972-ribbon.nii.gz
249Guys1072,/home/julien/traineeship/mmiv/data/labels/IXI249-Guys-1072-ribbon.nii.gz
250Guys0836,/home/julien/traineeship/mmiv/data/labels/IXI250-Guys-0836-ribbon.nii.gz
251Guys1055,/home/julien/traineeship/mmiv/data/labels/IXI251-Guys-1055-ribbon.nii.gz
252HH1693,/home/julien/traineeship/mmiv/data/labels/IXI252-HH-1693-ribbon.nii.gz
253HH1694,/home/julien/traineeship/mmiv/data/labels/IXI253-HH-1694-ribbon.nii.gz
254HH1705,/home/julien/traineeship/mmiv/data/labels/IXI254-HH-1705-ribbon.nii.gz
255HH1882,/home/julien/traineeship/mmiv/data/labels/IXI255-HH-1882-ribbon.nii.gz
256HH1723,/home/julien/traineeship/mmiv/data/labels/IXI256-HH-1723-ribbon.nii.gz
257HH1724,/home/julien/traineeship/mmiv/data/labels/IXI257-HH-1724-ribbon.nii.gz
258HH1769,/home/julien/traineeship/mmiv/data/labels/IXI258-HH-1769-ribbon.nii.gz
259HH1804,/home/julien/traineeship/mmiv/data/labels/IXI259-HH-1804-ribbon.nii.gz
260HH1805,/home/julien/traineeship/mmiv/data/labels/IXI260-HH-1805-ribbon.nii.gz
261HH1704,/home/julien/traineeship/mmiv/data/labels/IXI261-HH-1704-ribbon.nii.gz
262HH1861,/home/julien/traineeship/mmiv/data/labels/IXI262-HH-1861-ribbon.nii.gz
263HH1684,/home/julien/traineeship/mmiv/data/labels/IXI263-HH-1684-ribbon.nii.gz
264Guys0854,/home/julien/traineeship/mmiv/data/labels/IXI264-Guys-0854-ribbon.nii.gz
265Guys0845,/home/julien/traineeship/mmiv/data/labels/IXI265-Guys-0845-ribbon.nii.gz
266Guys0853,/home/julien/traineeship/mmiv/data/labels/IXI266-Guys-0853-ribbon.nii.gz
267HH1772,/home/julien/traineeship/mmiv/data/labels/IXI267-HH-1772-ribbon.nii.gz
268Guys0858,/home/julien/traineeship/mmiv/data/labels/IXI268-Guys-0858-ribbon.nii.gz
269Guys0839,/home/julien/traineeship/mmiv/data/labels/IXI269-Guys-0839-ribbon.nii.gz
270Guys0847,/home/julien/traineeship/mmiv/data/labels/IXI270-Guys-0847-ribbon.nii.gz
274HH2294,/home/julien/traineeship/mmiv/data/labels/IXI274-HH-2294-ribbon.nii.gz
275HH1803,/home/julien/traineeship/mmiv/data/labels/IXI275-HH-1803-ribbon.nii.gz
276HH1840,/home/julien/traineeship/mmiv/data/labels/IXI276-HH-1840-ribbon.nii.gz
277HH1770,/home/julien/traineeship/mmiv/data/labels/IXI277-HH-1770-ribbon.nii.gz
278HH1771,/home/julien/traineeship/mmiv/data/labels/IXI278-HH-1771-ribbon.nii.gz
279Guys1044,/home/julien/traineeship/mmiv/data/labels/IXI279-Guys-1044-ribbon.nii.gz
280HH1860,/home/julien/traineeship/mmiv/data/labels/IXI280-HH-1860-ribbon.nii.gz
282HH2025,/home/julien/traineeship/mmiv/data/labels/IXI282-HH-2025-ribbon.nii.gz
284HH2354,/home/julien/traineeship/mmiv/data/labels/IXI284-HH-2354-ribbon.nii.gz
285Guys0857,/home/julien/traineeship/mmiv/data/labels/IXI285-Guys-0857-ribbon.nii.gz
286Guys0859,/home/julien/traineeship/mmiv/data/labels/IXI286-Guys-0859-ribbon.nii.gz
287Guys0863,/home/julien/traineeship/mmiv/data/labels/IXI287-Guys-0863-ribbon.nii.gz
288Guys0879,/home/julien/traineeship/mmiv/data/labels/IXI288-Guys-0879-ribbon.nii.gz
289Guys0864,/home/julien/traineeship/mmiv/data/labels/IXI289-Guys-0864-ribbon.nii.gz
290IOP0874,/home/julien/traineeship/mmiv/data/labels/IXI290-IOP-0874-ribbon.nii.gz
291IOP0882,/home/julien/traineeship/mmiv/data/labels/IXI291-IOP-0882-ribbon.nii.gz
292IOP0877,/home/julien/traineeship/mmiv/data/labels/IXI292-IOP-0877-ribbon.nii.gz
293IOP0876,/home/julien/traineeship/mmiv/data/labels/IXI293-IOP-0876-ribbon.nii.gz
294IOP0868,/home/julien/traineeship/mmiv/data/labels/IXI294-IOP-0868-ribbon.nii.gz
295HH1814,/home/julien/traineeship/mmiv/data/labels/IXI295-HH-1814-ribbon.nii.gz
296HH1970,/home/julien/traineeship/mmiv/data/labels/IXI296-HH-1970-ribbon.nii.gz
297Guys0886,/home/julien/traineeship/mmiv/data/labels/IXI297-Guys-0886-ribbon.nii.gz
298Guys0861,/home/julien/traineeship/mmiv/data/labels/IXI298-Guys-0861-ribbon.nii.gz
299Guys0893,/home/julien/traineeship/mmiv/data/labels/IXI299-Guys-0893-ribbon.nii.gz
300Guys0880,/home/julien/traineeship/mmiv/data/labels/IXI300-Guys-0880-ribbon.nii.gz
302HH1883,/home/julien/traineeship/mmiv/data/labels/IXI302-HH-1883-ribbon.nii.gz
303IOP0968,/home/julien/traineeship/mmiv/data/labels/IXI303-IOP-0968-ribbon.nii.gz
304Guys0862,/home/julien/traineeship/mmiv/data/labels/IXI304-Guys-0862-ribbon.nii.gz
305IOP0871,/home/julien/traineeship/mmiv/data/labels/IXI305-IOP-0871-ribbon.nii.gz
306IOP0867,/home/julien/traineeship/mmiv/data/labels/IXI306-IOP-0867-ribbon.nii.gz
307IOP0872,/home/julien/traineeship/mmiv/data/labels/IXI307-IOP-0872-ribbon.nii.gz
308Guys0884,/home/julien/traineeship/mmiv/data/labels/IXI308-Guys-0884-ribbon.nii.gz
309IOP0897,/home/julien/traineeship/mmiv/data/labels/IXI309-IOP-0897-ribbon.nii.gz
310IOP0890,/home/julien/traineeship/mmiv/data/labels/IXI310-IOP-0890-ribbon.nii.gz
311Guys0885,/home/julien/traineeship/mmiv/data/labels/IXI311-Guys-0885-ribbon.nii.gz
312Guys0887,/home/julien/traineeship/mmiv/data/labels/IXI312-Guys-0887-ribbon.nii.gz
313HH2241,/home/julien/traineeship/mmiv/data/labels/IXI313-HH-2241-ribbon.nii.gz
314IOP0889,/home/julien/traineeship/mmiv/data/labels/IXI314-IOP-0889-ribbon.nii.gz
315IOP0888,/home/julien/traineeship/mmiv/data/labels/IXI315-IOP-0888-ribbon.nii.gz
316HH1862,/home/julien/traineeship/mmiv/data/labels/IXI316-HH-1862-ribbon.nii.gz
317Guys0896,/home/julien/traineeship/mmiv/data/labels/IXI317-Guys-0896-ribbon.nii.gz
318Guys0895,/home/julien/traineeship/mmiv/data/labels/IXI318-Guys-0895-ribbon.nii.gz
319Guys0901,/home/julien/traineeship/mmiv/data/labels/IXI319-Guys-0901-ribbon.nii.gz
320Guys0902,/home/julien/traineeship/mmiv/data/labels/IXI320-Guys-0902-ribbon.nii.gz
321Guys0903,/home/julien/traineeship/mmiv/data/labels/IXI321-Guys-0903-ribbon.nii.gz
322IOP0891,/home/julien/traineeship/mmiv/data/labels/IXI322-IOP-0891-ribbon.nii.gz
324Guys0922,/home/julien/traineeship/mmiv/data/labels/IXI324-Guys-0922-ribbon.nii.gz
325Guys0911,/home/julien/traineeship/mmiv/data/labels/IXI325-Guys-0911-ribbon.nii.gz
326Guys0907,/home/julien/traineeship/mmiv/data/labels/IXI326-Guys-0907-ribbon.nii.gz
327HH1999,/home/julien/traineeship/mmiv/data/labels/IXI327-HH-1999-ribbon.nii.gz
328HH2295,/home/julien/traineeship/mmiv/data/labels/IXI328-HH-2295-ribbon.nii.gz
329HH1908,/home/julien/traineeship/mmiv/data/labels/IXI329-HH-1908-ribbon.nii.gz
330Guys0881,/home/julien/traineeship/mmiv/data/labels/IXI330-Guys-0881-ribbon.nii.gz
331IOP0892,/home/julien/traineeship/mmiv/data/labels/IXI331-IOP-0892-ribbon.nii.gz
332IOP1134,/home/julien/traineeship/mmiv/data/labels/IXI332-IOP-1134-ribbon.nii.gz
333IOP0926,/home/julien/traineeship/mmiv/data/labels/IXI333-IOP-0926-ribbon.nii.gz
334HH1907,/home/julien/traineeship/mmiv/data/labels/IXI334-HH-1907-ribbon.nii.gz
335HH1906,/home/julien/traineeship/mmiv/data/labels/IXI335-HH-1906-ribbon.nii.gz
336Guys0904,/home/julien/traineeship/mmiv/data/labels/IXI336-Guys-0904-ribbon.nii.gz
337IOP0929,/home/julien/traineeship/mmiv/data/labels/IXI337-IOP-0929-ribbon.nii.gz
338HH1971,/home/julien/traineeship/mmiv/data/labels/IXI338-HH-1971-ribbon.nii.gz
340IOP0915,/home/julien/traineeship/mmiv/data/labels/IXI340-IOP-0915-ribbon.nii.gz
341Guys0906,/home/julien/traineeship/mmiv/data/labels/IXI341-Guys-0906-ribbon.nii.gz
342Guys0909,/home/julien/traineeship/mmiv/data/labels/IXI342-Guys-0909-ribbon.nii.gz
344Guys0905,/home/julien/traineeship/mmiv/data/labels/IXI344-Guys-0905-ribbon.nii.gz
345IOP0928,/home/julien/traineeship/mmiv/data/labels/IXI345-IOP-0928-ribbon.nii.gz
347IOP0927,/home/julien/traineeship/mmiv/data/labels/IXI347-IOP-0927-ribbon.nii.gz
348Guys0910,/home/julien/traineeship/mmiv/data/labels/IXI348-Guys-0910-ribbon.nii.gz
350Guys0908,/home/julien/traineeship/mmiv/data/labels/IXI350-Guys-0908-ribbon.nii.gz
351Guys0914,/home/julien/traineeship/mmiv/data/labels/IXI351-Guys-0914-ribbon.nii.gz
353HH1996,/home/julien/traineeship/mmiv/data/labels/IXI353-HH-1996-ribbon.nii.gz
354HH2024,/home/julien/traineeship/mmiv/data/labels/IXI354-HH-2024-ribbon.nii.gz
356HH2049,/home/julien/traineeship/mmiv/data/labels/IXI356-HH-2049-ribbon.nii.gz
357HH2076,/home/julien/traineeship/mmiv/data/labels/IXI357-HH-2076-ribbon.nii.gz
358Guys0919,/home/julien/traineeship/mmiv/data/labels/IXI358-Guys-0919-ribbon.nii.gz
359Guys0918,/home/julien/traineeship/mmiv/data/labels/IXI359-Guys-0918-ribbon.nii.gz
360Guys0912,/home/julien/traineeship/mmiv/data/labels/IXI360-Guys-0912-ribbon.nii.gz
361Guys0913,/home/julien/traineeship/mmiv/data/labels/IXI361-Guys-0913-ribbon.nii.gz
362HH2051,/home/julien/traineeship/mmiv/data/labels/IXI362-HH-2051-ribbon.nii.gz
363HH2050,/home/julien/traineeship/mmiv/data/labels/IXI363-HH-2050-ribbon.nii.gz
364Guys0920,/home/julien/traineeship/mmiv/data/labels/IXI364-Guys-0920-ribbon.nii.gz
365Guys0923,/home/julien/traineeship/mmiv/data/labels/IXI365-Guys-0923-ribbon.nii.gz
367Guys0917,/home/julien/traineeship/mmiv/data/labels/IXI367-Guys-0917-ribbon.nii.gz
368Guys0916,/home/julien/traineeship/mmiv/data/labels/IXI368-Guys-0916-ribbon.nii.gz
369Guys0924,/home/julien/traineeship/mmiv/data/labels/IXI369-Guys-0924-ribbon.nii.gz
370Guys0921,/home/julien/traineeship/mmiv/data/labels/IXI370-Guys-0921-ribbon.nii.gz
371IOP0970,/home/julien/traineeship/mmiv/data/labels/IXI371-IOP-0970-ribbon.nii.gz
372IOP0971,/home/julien/traineeship/mmiv/data/labels/IXI372-IOP-0971-ribbon.nii.gz
373IOP0967,/home/julien/traineeship/mmiv/data/labels/IXI373-IOP-0967-ribbon.nii.gz
375Guys0925,/home/julien/traineeship/mmiv/data/labels/IXI375-Guys-0925-ribbon.nii.gz
376Guys0938,/home/julien/traineeship/mmiv/data/labels/IXI376-Guys-0938-ribbon.nii.gz
377Guys0937,/home/julien/traineeship/mmiv/data/labels/IXI377-Guys-0937-ribbon.nii.gz
378IOP0972,/home/julien/traineeship/mmiv/data/labels/IXI378-IOP-0972-ribbon.nii.gz
379Guys0943,/home/julien/traineeship/mmiv/data/labels/IXI379-Guys-0943-ribbon.nii.gz
380Guys0944,/home/julien/traineeship/mmiv/data/labels/IXI380-Guys-0944-ribbon.nii.gz
381Guys1024,/home/julien/traineeship/mmiv/data/labels/IXI381-Guys-1024-ribbon.nii.gz
382IOP1135,/home/julien/traineeship/mmiv/data/labels/IXI382-IOP-1135-ribbon.nii.gz
383HH2099,/home/julien/traineeship/mmiv/data/labels/IXI383-HH-2099-ribbon.nii.gz
384HH2100,/home/julien/traineeship/mmiv/data/labels/IXI384-HH-2100-ribbon.nii.gz
385HH2078,/home/julien/traineeship/mmiv/data/labels/IXI385-HH-2078-ribbon.nii.gz
386HH2077,/home/julien/traineeship/mmiv/data/labels/IXI386-HH-2077-ribbon.nii.gz
387HH2101,/home/julien/traineeship/mmiv/data/labels/IXI387-HH-2101-ribbon.nii.gz
388IOP0973,/home/julien/traineeship/mmiv/data/labels/IXI388-IOP-0973-ribbon.nii.gz
389Guys0930,/home/julien/traineeship/mmiv/data/labels/IXI389-Guys-0930-ribbon.nii.gz
390Guys0931,/home/julien/traineeship/mmiv/data/labels/IXI390-Guys-0931-ribbon.nii.gz
391Guys0934,/home/julien/traineeship/mmiv/data/labels/IXI391-Guys-0934-ribbon.nii.gz
392Guys1064,/home/julien/traineeship/mmiv/data/labels/IXI392-Guys-1064-ribbon.nii.gz
393Guys0941,/home/julien/traineeship/mmiv/data/labels/IXI393-Guys-0941-ribbon.nii.gz
394Guys0940,/home/julien/traineeship/mmiv/data/labels/IXI394-Guys-0940-ribbon.nii.gz
395IOP0969,/home/julien/traineeship/mmiv/data/labels/IXI395-IOP-0969-ribbon.nii.gz
396HH2115,/home/julien/traineeship/mmiv/data/labels/IXI396-HH-2115-ribbon.nii.gz
397Guys0953,/home/julien/traineeship/mmiv/data/labels/IXI397-Guys-0953-ribbon.nii.gz
398Guys0952,/home/julien/traineeship/mmiv/data/labels/IXI398-Guys-0952-ribbon.nii.gz
399Guys0966,/home/julien/traineeship/mmiv/data/labels/IXI399-Guys-0966-ribbon.nii.gz
400Guys0977,/home/julien/traineeship/mmiv/data/labels/IXI400-Guys-0977-ribbon.nii.gz
401Guys0978,/home/julien/traineeship/mmiv/data/labels/IXI401-Guys-0978-ribbon.nii.gz
402Guys0961,/home/julien/traineeship/mmiv/data/labels/IXI402-Guys-0961-ribbon.nii.gz
403Guys0965,/home/julien/traineeship/mmiv/data/labels/IXI403-Guys-0965-ribbon.nii.gz
404Guys0950,/home/julien/traineeship/mmiv/data/labels/IXI404-Guys-0950-ribbon.nii.gz
405Guys0948,/home/julien/traineeship/mmiv/data/labels/IXI405-Guys-0948-ribbon.nii.gz
406Guys0963,/home/julien/traineeship/mmiv/data/labels/IXI406-Guys-0963-ribbon.nii.gz
407Guys0964,/home/julien/traineeship/mmiv/data/labels/IXI407-Guys-0964-ribbon.nii.gz
408Guys0962,/home/julien/traineeship/mmiv/data/labels/IXI408-Guys-0962-ribbon.nii.gz
409Guys0960,/home/julien/traineeship/mmiv/data/labels/IXI409-Guys-0960-ribbon.nii.gz
410Guys0958,/home/julien/traineeship/mmiv/data/labels/IXI410-Guys-0958-ribbon.nii.gz
411Guys0959,/home/julien/traineeship/mmiv/data/labels/IXI411-Guys-0959-ribbon.nii.gz
412Guys0949,/home/julien/traineeship/mmiv/data/labels/IXI412-Guys-0949-ribbon.nii.gz
413Guys0955,/home/julien/traineeship/mmiv/data/labels/IXI413-Guys-0955-ribbon.nii.gz
414Guys0957,/home/julien/traineeship/mmiv/data/labels/IXI414-Guys-0957-ribbon.nii.gz
415Guys0942,/home/julien/traineeship/mmiv/data/labels/IXI415-Guys-0942-ribbon.nii.gz
416Guys1051,/home/julien/traineeship/mmiv/data/labels/IXI416-Guys-1051-ribbon.nii.gz
417Guys0939,/home/julien/traineeship/mmiv/data/labels/IXI417-Guys-0939-ribbon.nii.gz
418Guys0956,/home/julien/traineeship/mmiv/data/labels/IXI418-Guys-0956-ribbon.nii.gz
419Guys1027,/home/julien/traineeship/mmiv/data/labels/IXI419-Guys-1027-ribbon.nii.gz
420Guys1028,/home/julien/traineeship/mmiv/data/labels/IXI420-Guys-1028-ribbon.nii.gz
422Guys1071,/home/julien/traineeship/mmiv/data/labels/IXI422-Guys-1071-ribbon.nii.gz
423IOP0974,/home/julien/traineeship/mmiv/data/labels/IXI423-IOP-0974-ribbon.nii.gz
424IOP0991,/home/julien/traineeship/mmiv/data/labels/IXI424-IOP-0991-ribbon.nii.gz
425IOP0988,/home/julien/traineeship/mmiv/data/labels/IXI425-IOP-0988-ribbon.nii.gz
426IOP1011,/home/julien/traineeship/mmiv/data/labels/IXI426-IOP-1011-ribbon.nii.gz
427IOP1012,/home/julien/traineeship/mmiv/data/labels/IXI427-IOP-1012-ribbon.nii.gz
428Guys0996,/home/julien/traineeship/mmiv/data/labels/IXI428-Guys-0996-ribbon.nii.gz
429Guys0997,/home/julien/traineeship/mmiv/data/labels/IXI429-Guys-0997-ribbon.nii.gz
430IOP0990,/home/julien/traineeship/mmiv/data/labels/IXI430-IOP-0990-ribbon.nii.gz
431Guys0986,/home/julien/traineeship/mmiv/data/labels/IXI431-Guys-0986-ribbon.nii.gz
432Guys0987,/home/julien/traineeship/mmiv/data/labels/IXI432-Guys-0987-ribbon.nii.gz
433IOP0989,/home/julien/traineeship/mmiv/data/labels/IXI433-IOP-0989-ribbon.nii.gz
434IOP1010,/home/julien/traineeship/mmiv/data/labels/IXI434-IOP-1010-ribbon.nii.gz
435IOP1040,/home/julien/traineeship/mmiv/data/labels/IXI435-IOP-1040-ribbon.nii.gz
436HH2153,/home/julien/traineeship/mmiv/data/labels/IXI436-HH-2153-ribbon.nii.gz
437HH2152,/home/julien/traineeship/mmiv/data/labels/IXI437-HH-2152-ribbon.nii.gz
438HH2155,/home/julien/traineeship/mmiv/data/labels/IXI438-HH-2155-ribbon.nii.gz
439HH2114,/home/julien/traineeship/mmiv/data/labels/IXI439-HH-2114-ribbon.nii.gz
440HH2127,/home/julien/traineeship/mmiv/data/labels/IXI440-HH-2127-ribbon.nii.gz
441HH2154,/home/julien/traineeship/mmiv/data/labels/IXI441-HH-2154-ribbon.nii.gz
442IOP1041,/home/julien/traineeship/mmiv/data/labels/IXI442-IOP-1041-ribbon.nii.gz
443HH2215,/home/julien/traineeship/mmiv/data/labels/IXI443-HH-2215-ribbon.nii.gz
444HH2270,/home/julien/traineeship/mmiv/data/labels/IXI444-HH-2270-ribbon.nii.gz
445HH2269,/home/julien/traineeship/mmiv/data/labels/IXI445-HH-2269-ribbon.nii.gz
446HH2325,/home/julien/traineeship/mmiv/data/labels/IXI446-HH-2325-ribbon.nii.gz
447Guys0979,/home/julien/traineeship/mmiv/data/labels/IXI447-Guys-0979-ribbon.nii.gz
448HH2393,/home/julien/traineeship/mmiv/data/labels/IXI448-HH-2393-ribbon.nii.gz
449Guys1082,/home/julien/traineeship/mmiv/data/labels/IXI449-Guys-1082-ribbon.nii.gz
450Guys1093,/home/julien/traineeship/mmiv/data/labels/IXI450-Guys-1093-ribbon.nii.gz
451HH2212,/home/julien/traineeship/mmiv/data/labels/IXI451-HH-2212-ribbon.nii.gz
452HH2213,/home/julien/traineeship/mmiv/data/labels/IXI452-HH-2213-ribbon.nii.gz
453HH2214,/home/julien/traineeship/mmiv/data/labels/IXI453-HH-2214-ribbon.nii.gz
454Guys1083,/home/julien/traineeship/mmiv/data/labels/IXI454-Guys-1083-ribbon.nii.gz
455Guys0981,/home/julien/traineeship/mmiv/data/labels/IXI455-Guys-0981-ribbon.nii.gz
456Guys1019,/home/julien/traineeship/mmiv/data/labels/IXI456-Guys-1019-ribbon.nii.gz
457Guys0984,/home/julien/traineeship/mmiv/data/labels/IXI457-Guys-0984-ribbon.nii.gz
458Guys0993,/home/julien/traineeship/mmiv/data/labels/IXI458-Guys-0993-ribbon.nii.gz
459Guys0992,/home/julien/traineeship/mmiv/data/labels/IXI459-Guys-0992-ribbon.nii.gz
460Guys0999,/home/julien/traineeship/mmiv/data/labels/IXI460-Guys-0999-ribbon.nii.gz
461Guys0998,/home/julien/traineeship/mmiv/data/labels/IXI461-Guys-0998-ribbon.nii.gz
462IOP1042,/home/julien/traineeship/mmiv/data/labels/IXI462-IOP-1042-ribbon.nii.gz
463IOP1043,/home/julien/traineeship/mmiv/data/labels/IXI463-IOP-1043-ribbon.nii.gz
464IOP1029,/home/julien/traineeship/mmiv/data/labels/IXI464-IOP-1029-ribbon.nii.gz
465HH2176,/home/julien/traineeship/mmiv/data/labels/IXI465-HH-2176-ribbon.nii.gz
467Guys0983,/home/julien/traineeship/mmiv/data/labels/IXI467-Guys-0983-ribbon.nii.gz
468Guys0985,/home/julien/traineeship/mmiv/data/labels/IXI468-Guys-0985-ribbon.nii.gz
469IOP1136,/home/julien/traineeship/mmiv/data/labels/IXI469-IOP-1136-ribbon.nii.gz
470IOP1030,/home/julien/traineeship/mmiv/data/labels/IXI470-IOP-1030-ribbon.nii.gz
473IOP1137,/home/julien/traineeship/mmiv/data/labels/IXI473-IOP-1137-ribbon.nii.gz
474IOP1138,/home/julien/traineeship/mmiv/data/labels/IXI474-IOP-1138-ribbon.nii.gz
475IOP1139,/home/julien/traineeship/mmiv/data/labels/IXI475-IOP-1139-ribbon.nii.gz
476IOP1140,/home/julien/traineeship/mmiv/data/labels/IXI476-IOP-1140-ribbon.nii.gz
477IOP1141,/home/julien/traineeship/mmiv/data/labels/IXI477-IOP-1141-ribbon.nii.gz
478IOP1142,/home/julien/traineeship/mmiv/data/labels/IXI478-IOP-1142-ribbon.nii.gz
479Guys1034,/home/julien/traineeship/mmiv/data/labels/IXI479-Guys-1034-ribbon.nii.gz
480Guys1033,/home/julien/traineeship/mmiv/data/labels/IXI480-Guys-1033-ribbon.nii.gz
481HH2175,/home/julien/traineeship/mmiv/data/labels/IXI481-HH-2175-ribbon.nii.gz
482HH2178,/home/julien/traineeship/mmiv/data/labels/IXI482-HH-2178-ribbon.nii.gz
483HH2177,/home/julien/traineeship/mmiv/data/labels/IXI483-HH-2177-ribbon.nii.gz
484HH2179,/home/julien/traineeship/mmiv/data/labels/IXI484-HH-2179-ribbon.nii.gz
485HH2180,/home/julien/traineeship/mmiv/data/labels/IXI485-HH-2180-ribbon.nii.gz
486Guys1005,/home/julien/traineeship/mmiv/data/labels/IXI486-Guys-1005-ribbon.nii.gz
487Guys1037,/home/julien/traineeship/mmiv/data/labels/IXI487-Guys-1037-ribbon.nii.gz
488Guys1015,/home/julien/traineeship/mmiv/data/labels/IXI488-Guys-1015-ribbon.nii.gz
489Guys1014,/home/julien/traineeship/mmiv/data/labels/IXI489-Guys-1014-ribbon.nii.gz
490Guys1018,/home/julien/traineeship/mmiv/data/labels/IXI490-Guys-1018-ribbon.nii.gz
491Guys1032,/home/julien/traineeship/mmiv/data/labels/IXI491-Guys-1032-ribbon.nii.gz
492Guys1022,/home/julien/traineeship/mmiv/data/labels/IXI492-Guys-1022-ribbon.nii.gz
493Guys1007,/home/julien/traineeship/mmiv/data/labels/IXI493-Guys-1007-ribbon.nii.gz
494Guys1008,/home/julien/traineeship/mmiv/data/labels/IXI494-Guys-1008-ribbon.nii.gz
495Guys1009,/home/julien/traineeship/mmiv/data/labels/IXI495-Guys-1009-ribbon.nii.gz
496Guys1045,/home/julien/traineeship/mmiv/data/labels/IXI496-Guys-1045-ribbon.nii.gz
497Guys1002,/home/julien/traineeship/mmiv/data/labels/IXI497-Guys-1002-ribbon.nii.gz
498Guys1050,/home/julien/traineeship/mmiv/data/labels/IXI498-Guys-1050-ribbon.nii.gz
499Guys1004,/home/julien/traineeship/mmiv/data/labels/IXI499-Guys-1004-ribbon.nii.gz
500Guys1017,/home/julien/traineeship/mmiv/data/labels/IXI500-Guys-1017-ribbon.nii.gz
501Guys1016,/home/julien/traineeship/mmiv/data/labels/IXI501-Guys-1016-ribbon.nii.gz
502Guys1020,/home/julien/traineeship/mmiv/data/labels/IXI502-Guys-1020-ribbon.nii.gz
503Guys1021,/home/julien/traineeship/mmiv/data/labels/IXI503-Guys-1021-ribbon.nii.gz
504Guys1025,/home/julien/traineeship/mmiv/data/labels/IXI504-Guys-1025-ribbon.nii.gz
505Guys1026,/home/julien/traineeship/mmiv/data/labels/IXI505-Guys-1026-ribbon.nii.gz
506Guys1035,/home/julien/traineeship/mmiv/data/labels/IXI506-Guys-1035-ribbon.nii.gz
507Guys1036,/home/julien/traineeship/mmiv/data/labels/IXI507-Guys-1036-ribbon.nii.gz
508HH2268,/home/julien/traineeship/mmiv/data/labels/IXI508-HH-2268-ribbon.nii.gz
510IOP1143,/home/julien/traineeship/mmiv/data/labels/IXI510-IOP-1143-ribbon.nii.gz
511HH2238,/home/julien/traineeship/mmiv/data/labels/IXI511-HH-2238-ribbon.nii.gz
512Guys1054,/home/julien/traineeship/mmiv/data/labels/IXI512-Guys-1054-ribbon.nii.gz
515HH2377,/home/julien/traineeship/mmiv/data/labels/IXI515-HH-2377-ribbon.nii.gz
516HH2297,/home/julien/traineeship/mmiv/data/labels/IXI516-HH-2297-ribbon.nii.gz
517IOP1144,/home/julien/traineeship/mmiv/data/labels/IXI517-IOP-1144-ribbon.nii.gz
518HH2239,/home/julien/traineeship/mmiv/data/labels/IXI518-HH-2239-ribbon.nii.gz
519HH2240,/home/julien/traineeship/mmiv/data/labels/IXI519-HH-2240-ribbon.nii.gz
521HH2353,/home/julien/traineeship/mmiv/data/labels/IXI521-HH-2353-ribbon.nii.gz
522HH2453,/home/julien/traineeship/mmiv/data/labels/IXI522-HH-2453-ribbon.nii.gz
523Guys1056,/home/julien/traineeship/mmiv/data/labels/IXI523-Guys-1056-ribbon.nii.gz
524HH2412,/home/julien/traineeship/mmiv/data/labels/IXI524-HH-2412-ribbon.nii.gz
525HH2413,/home/julien/traineeship/mmiv/data/labels/IXI525-HH-2413-ribbon.nii.gz
526HH2392,/home/julien/traineeship/mmiv/data/labels/IXI526-HH-2392-ribbon.nii.gz
527HH2376,/home/julien/traineeship/mmiv/data/labels/IXI527-HH-2376-ribbon.nii.gz
528Guys1073,/home/julien/traineeship/mmiv/data/labels/IXI528-Guys-1073-ribbon.nii.gz
531Guys1057,/home/julien/traineeship/mmiv/data/labels/IXI531-Guys-1057-ribbon.nii.gz
532IOP1145,/home/julien/traineeship/mmiv/data/labels/IXI532-IOP-1145-ribbon.nii.gz
533Guys1066,/home/julien/traineeship/mmiv/data/labels/IXI533-Guys-1066-ribbon.nii.gz
534Guys1062,/home/julien/traineeship/mmiv/data/labels/IXI534-Guys-1062-ribbon.nii.gz
535Guys1061,/home/julien/traineeship/mmiv/data/labels/IXI535-Guys-1061-ribbon.nii.gz
536Guys1059,/home/julien/traineeship/mmiv/data/labels/IXI536-Guys-1059-ribbon.nii.gz
537HH2378,/home/julien/traineeship/mmiv/data/labels/IXI537-HH-2378-ribbon.nii.gz
538HH2411,/home/julien/traineeship/mmiv/data/labels/IXI538-HH-2411-ribbon.nii.gz
539Guys1067,/home/julien/traineeship/mmiv/data/labels/IXI539-Guys-1067-ribbon.nii.gz
541IOP1146,/home/julien/traineeship/mmiv/data/labels/IXI541-IOP-1146-ribbon.nii.gz
542IOP1147,/home/julien/traineeship/mmiv/data/labels/IXI542-IOP-1147-ribbon.nii.gz
543IOP1148,/home/julien/traineeship/mmiv/data/labels/IXI543-IOP-1148-ribbon.nii.gz
544HH2395,/home/julien/traineeship/mmiv/data/labels/IXI544-HH-2395-ribbon.nii.gz
546HH2450,/home/julien/traineeship/mmiv/data/labels/IXI546-HH-2450-ribbon.nii.gz
547IOP1149,/home/julien/traineeship/mmiv/data/labels/IXI547-IOP-1149-ribbon.nii.gz
548IOP1150,/home/julien/traineeship/mmiv/data/labels/IXI548-IOP-1150-ribbon.nii.gz
549Guys1046,/home/julien/traineeship/mmiv/data/labels/IXI549-Guys-1046-ribbon.nii.gz
550Guys1069,/home/julien/traineeship/mmiv/data/labels/IXI550-Guys-1069-ribbon.nii.gz
551Guys1065,/home/julien/traineeship/mmiv/data/labels/IXI551-Guys-1065-ribbon.nii.gz
552Guys1063,/home/julien/traineeship/mmiv/data/labels/IXI552-Guys-1063-ribbon.nii.gz
553IOP1151,/home/julien/traineeship/mmiv/data/labels/IXI553-IOP-1151-ribbon.nii.gz
554Guys1068,/home/julien/traineeship/mmiv/data/labels/IXI554-Guys-1068-ribbon.nii.gz
555Guys1074,/home/julien/traineeship/mmiv/data/labels/IXI555-Guys-1074-ribbon.nii.gz
556HH2452,/home/julien/traineeship/mmiv/data/labels/IXI556-HH-2452-ribbon.nii.gz
558Guys1079,/home/julien/traineeship/mmiv/data/labels/IXI558-Guys-1079-ribbon.nii.gz
559HH2394,/home/julien/traineeship/mmiv/data/labels/IXI559-HH-2394-ribbon.nii.gz
560Guys1070,/home/julien/traineeship/mmiv/data/labels/IXI560-Guys-1070-ribbon.nii.gz
561IOP1152,/home/julien/traineeship/mmiv/data/labels/IXI561-IOP-1152-ribbon.nii.gz
562Guys1131,/home/julien/traineeship/mmiv/data/labels/IXI562-Guys-1131-ribbon.nii.gz
563IOP1153,/home/julien/traineeship/mmiv/data/labels/IXI563-IOP-1153-ribbon.nii.gz
565HH2534,/home/julien/traineeship/mmiv/data/labels/IXI565-HH-2534-ribbon.nii.gz
566HH2535,/home/julien/traineeship/mmiv/data/labels/IXI566-HH-2535-ribbon.nii.gz
567HH2536,/home/julien/traineeship/mmiv/data/labels/IXI567-HH-2536-ribbon.nii.gz
568HH2607,/home/julien/traineeship/mmiv/data/labels/IXI568-HH-2607-ribbon.nii.gz
569Guys1101,/home/julien/traineeship/mmiv/data/labels/IXI569-Guys-1101-ribbon.nii.gz
571IOP1154,/home/julien/traineeship/mmiv/data/labels/IXI571-IOP-1154-ribbon.nii.gz
572HH2605,/home/julien/traineeship/mmiv/data/labels/IXI572-HH-2605-ribbon.nii.gz
573IOP1155,/home/julien/traineeship/mmiv/data/labels/IXI573-IOP-1155-ribbon.nii.gz
574IOP1156,/home/julien/traineeship/mmiv/data/labels/IXI574-IOP-1156-ribbon.nii.gz
575HH2658,/home/julien/traineeship/mmiv/data/labels/IXI575-HH-2658-ribbon.nii.gz
576Guys1077,/home/julien/traineeship/mmiv/data/labels/IXI576-Guys-1077-ribbon.nii.gz
577HH2661,/home/julien/traineeship/mmiv/data/labels/IXI577-HH-2661-ribbon.nii.gz
578Guys1078,/home/julien/traineeship/mmiv/data/labels/IXI578-Guys-1078-ribbon.nii.gz
579Guys1126,/home/julien/traineeship/mmiv/data/labels/IXI579-Guys-1126-ribbon.nii.gz
582Guys1127,/home/julien/traineeship/mmiv/data/labels/IXI582-Guys-1127-ribbon.nii.gz
584Guys1129,/home/julien/traineeship/mmiv/data/labels/IXI584-Guys-1129-ribbon.nii.gz
585Guys1130,/home/julien/traineeship/mmiv/data/labels/IXI585-Guys-1130-ribbon.nii.gz
586HH2451,/home/julien/traineeship/mmiv/data/labels/IXI586-HH-2451-ribbon.nii.gz
587Guys1128,/home/julien/traineeship/mmiv/data/labels/IXI587-Guys-1128-ribbon.nii.gz
588IOP1158,/home/julien/traineeship/mmiv/data/labels/IXI588-IOP-1158-ribbon.nii.gz
589Guys1080,/home/julien/traineeship/mmiv/data/labels/IXI589-Guys-1080-ribbon.nii.gz
591Guys1084,/home/julien/traineeship/mmiv/data/labels/IXI591-Guys-1084-ribbon.nii.gz
592Guys1085,/home/julien/traineeship/mmiv/data/labels/IXI592-Guys-1085-ribbon.nii.gz
593Guys1109,/home/julien/traineeship/mmiv/data/labels/IXI593-Guys-1109-ribbon.nii.gz
594Guys1089,/home/julien/traineeship/mmiv/data/labels/IXI594-Guys-1089-ribbon.nii.gz
595IOP1159,/home/julien/traineeship/mmiv/data/labels/IXI595-IOP-1159-ribbon.nii.gz
596IOP1160,/home/julien/traineeship/mmiv/data/labels/IXI596-IOP-1160-ribbon.nii.gz
597IOP1161,/home/julien/traineeship/mmiv/data/labels/IXI597-IOP-1161-ribbon.nii.gz
598HH2606,/home/julien/traineeship/mmiv/data/labels/IXI598-HH-2606-ribbon.nii.gz
599HH2659,/home/julien/traineeship/mmiv/data/labels/IXI599-HH-2659-ribbon.nii.gz
600HH2660,/home/julien/traineeship/mmiv/data/labels/IXI600-HH-2660-ribbon.nii.gz
601HH2700,/home/julien/traineeship/mmiv/data/labels/IXI601-HH-2700-ribbon.nii.gz
603HH2701,/home/julien/traineeship/mmiv/data/labels/IXI603-HH-2701-ribbon.nii.gz
605HH2598,/home/julien/traineeship/mmiv/data/labels/IXI605-HH-2598-ribbon.nii.gz
606HH2601,/home/julien/traineeship/mmiv/data/labels/IXI606-HH-2601-ribbon.nii.gz
607Guys1097,/home/julien/traineeship/mmiv/data/labels/IXI607-Guys-1097-ribbon.nii.gz
608HH2599,/home/julien/traineeship/mmiv/data/labels/IXI608-HH-2599-ribbon.nii.gz
609HH2600,/home/julien/traineeship/mmiv/data/labels/IXI609-HH-2600-ribbon.nii.gz
610HH2649,/home/julien/traineeship/mmiv/data/labels/IXI610-HH-2649-ribbon.nii.gz
611HH2650,/home/julien/traineeship/mmiv/data/labels/IXI611-HH-2650-ribbon.nii.gz
612HH2688,/home/julien/traineeship/mmiv/data/labels/IXI612-HH-2688-ribbon.nii.gz
613HH2734,/home/julien/traineeship/mmiv/data/labels/IXI613-HH-2734-ribbon.nii.gz
614HH2735,/home/julien/traineeship/mmiv/data/labels/IXI614-HH-2735-ribbon.nii.gz
616Guys1092,/home/julien/traineeship/mmiv/data/labels/IXI616-Guys-1092-ribbon.nii.gz
617Guys1090,/home/julien/traineeship/mmiv/data/labels/IXI617-Guys-1090-ribbon.nii.gz
618Guys1091,/home/julien/traineeship/mmiv/data/labels/IXI618-Guys-1091-ribbon.nii.gz
619Guys1099,/home/julien/traineeship/mmiv/data/labels/IXI619-Guys-1099-ribbon.nii.gz
621Guys1100,/home/julien/traineeship/mmiv/data/labels/IXI621-Guys-1100-ribbon.nii.gz
622Guys1102,/home/julien/traineeship/mmiv/data/labels/IXI622-Guys-1102-ribbon.nii.gz
623Guys1076,/home/julien/traineeship/mmiv/data/labels/IXI623-Guys-1076-ribbon.nii.gz
625Guys1098,/home/julien/traineeship/mmiv/data/labels/IXI625-Guys-1098-ribbon.nii.gz
626Guys1094,/home/julien/traineeship/mmiv/data/labels/IXI626-Guys-1094-ribbon.nii.gz
627Guys1103,/home/julien/traineeship/mmiv/data/labels/IXI627-Guys-1103-ribbon.nii.gz
629Guys1095,/home/julien/traineeship/mmiv/data/labels/IXI629-Guys-1095-ribbon.nii.gz
630Guys1108,/home/julien/traineeship/mmiv/data/labels/IXI630-Guys-1108-ribbon.nii.gz
631HH2651,/home/julien/traineeship/mmiv/data/labels/IXI631-HH-2651-ribbon.nii.gz
632HH2652,/home/julien/traineeship/mmiv/data/labels/IXI632-HH-2652-ribbon.nii.gz
633HH2689,/home/julien/traineeship/mmiv/data/labels/IXI633-HH-2689-ribbon.nii.gz
634HH2690,/home/julien/traineeship/mmiv/data/labels/IXI634-HH-2690-ribbon.nii.gz
635HH2691,/home/julien/traineeship/mmiv/data/labels/IXI635-HH-2691-ribbon.nii.gz
636HH2733,/home/julien/traineeship/mmiv/data/labels/IXI636-HH-2733-ribbon.nii.gz
637HH2785,/home/julien/traineeship/mmiv/data/labels/IXI637-HH-2785-ribbon.nii.gz
638HH2786,/home/julien/traineeship/mmiv/data/labels/IXI638-HH-2786-ribbon.nii.gz
639Guys1088,/home/julien/traineeship/mmiv/data/labels/IXI639-Guys-1088-ribbon.nii.gz
640Guys1106,/home/julien/traineeship/mmiv/data/labels/IXI640-Guys-1106-ribbon.nii.gz
641Guys1105,/home/julien/traineeship/mmiv/data/labels/IXI641-Guys-1105-ribbon.nii.gz
642Guys1104,/home/julien/traineeship/mmiv/data/labels/IXI642-Guys-1104-ribbon.nii.gz
643HH2787,/home/julien/traineeship/mmiv/data/labels/IXI643-HH-2787-ribbon.nii.gz
644Guys1121,/home/julien/traineeship/mmiv/data/labels/IXI644-Guys-1121-ribbon.nii.gz
646HH2653,/home/julien/traineeship/mmiv/data/labels/IXI646-HH-2653-ribbon.nii.gz
648Guys1107,/home/julien/traineeship/mmiv/data/labels/IXI648-Guys-1107-ribbon.nii.gz
651Guys1118,/home/julien/traineeship/mmiv/data/labels/IXI651-Guys-1118-ribbon.nii.gz
652Guys1116,/home/julien/traineeship/mmiv/data/labels/IXI652-Guys-1116-ribbon.nii.gz
653Guys1122,/home/julien/traineeship/mmiv/data/labels/IXI653-Guys-1122-ribbon.nii.gz
661HH2788,/home/julien/traineeship/mmiv/data/labels/IXI661-HH-2788-ribbon.nii.gz
662Guys1120,/home/julien/traineeship/mmiv/data/labels/IXI662-Guys-1120-ribbon.nii.gz
