002Guys0828,training
012HH1211,training
013HH1212,validation
014HH1236,training
015HH1258,training
016Guys0697,training
017Guys0698,training
019Guys0702,training
020Guys0700,training
021Guys0703,training
022Guys0701,training
023Guys0699,training
024Guys0705,training
025Guys0852,training
026Guys0696,training
027Guys0710,training
028Guys1038,training
029Guys0829,training
030Guys0708,training
031Guys0797,validation
033HH1259,training
034HH1260,training
035IOP0873,training
036Guys0736,training
037Guys0704,training
038Guys0729,training
039HH1261,training
040Guys0724,training
041Guys0706,training
042Guys0725,training
043Guys0714,training
044Guys0712,training
045Guys0713,training
046Guys0824,training
048HH1326,training
049HH1358,training
050Guys0711,training
051HH1328,training
052HH1343,training
053Guys0727,training
054Guys0707,training
055Guys0730,training
056HH1327,training
057HH1342,training
058Guys0726,training
059HH1284,training
060Guys0709,training
061Guys0715,training
062Guys0740,training
063Guys0742,training
064Guys0743,training
065Guys0744,training
066Guys0731,training
067HH1356,training
068Guys0756,training
069Guys0769,training
070Guys0767,validation
071Guys0770,training
072HH2324,training
073Guys0755,training
074Guys0771,training
075Guys0754,training
076Guys0753,training
077Guys0752,training
078Guys0751,training
079HH1388,training
080HH1341,training
081Guys0855,training
083HH1357,training
084Guys0741,training
085Guys0759,training
086Guys0728,training
087Guys0768,training
088Guys0758,training
089Guys0757,training
090Guys0800,training
091Guys0762,training
092HH1436,training
093HH1359,training
094HH1355,training
095HH1390,training
096HH1391,training
097HH1619,training
098Guys0745,training
099Guys0748,training
100Guys0747,training
101Guys0749,training
102HH1416,training
103Guys0750,training
104HH1450,training
105HH1471,training
106Guys0760,training
107Guys0761,training
108Guys0865,training
109Guys0732,training
110Guys0733,training
111Guys0734,training
112Guys0735,training
113Guys0776,training
114Guys0737,training
115Guys0738,training
116Guys0739,training
117Guys0763,training
118Guys0764,training
119Guys0765,training
120Guys0766,training
121Guys0772,training
122Guys0773,training
123Guys0774,training
126HH1437,training
127HH1451,training
128HH1470,training
129Guys0775,training
130HH1528,training
131HH1527,training
132HH1415,training
134Guys0780,training
135Guys0779,training
136HH1452,training
137HH1472,training
138Guys0746,training
139Guys0815,training
140Guys0787,training
141Guys0789,training
142Guys0786,training
143Guys0785,training
144Guys0788,training
145Guys0781,training
146HH1389,training
148HH1453,training
150HH1550,training
151Guys0793,training
153Guys0782,training
154Guys0821,training
156Guys0837,training
157Guys0816,training
158Guys0783,training
159HH1549,training
160HH1637,training
161HH2533,training
162HH1548,training
163HH1621,training
164Guys0844,training
165HH1589,training
166Guys0846,training
167HH1569,training
168HH1607,training
169Guys0842,training
170Guys0843,training
172Guys0982,training
173HH1590,training
174HH1571,training
175HH1570,training
176HH1604,training
177Guys0831,training
178Guys0778,training
179Guys0777,training
180HH1605,training
181Guys0790,training
182Guys0792,training
183Guys0791,training
184Guys0794,training
185Guys0795,training
186Guys0796,training
188Guys0798,training
189Guys0799,training
191Guys0801,training
192Guys0878,training
193Guys0810,training
194Guys0818,training
195HH1620,training
196Guys0805,training
197Guys0811,training
198Guys0803,training
199Guys0802,inference
200Guys0812,training
201HH1588,training
202HH1526,training
204HH1651,training
205HH1649,training
206HH1650,training
207Guys0809,training
208Guys0808,training
209Guys0804,training
210Guys0856,training
211HH1568,training
212HH1643,training
213HH1642,training
214HH1636,training
216HH1635,training
217HH1638,training
218HH1815,training
219Guys0894,training
221HH1606,training
222Guys0819,training
223Guys0830,training
224Guys0823,training
225Guys0832,training
226HH1618,training
227Guys0813,validation
228Guys0822,training
229Guys0980,training
230IOP0869,training
231IOP0866,training
232IOP0898,training
233IOP0875,training
234IOP0870,training
236Guys0817,training
237Guys1049,training
238IOP0883,inference
239HH2296,training
240Guys0834,training
241Guys0833,training
242HH1722,training
244Guys0841,training
246Guys0840,validation
247Guys0838,training
248HH1972,training
249Guys1072,training
250Guys0836,training
251Guys1055,training
252HH1693,training
253HH1694,training
254HH1705,training
255HH1882,training
256HH1723,training
257HH1724,training
258HH1769,training
259HH1804,training
260HH1805,training
261HH1704,training
262HH1861,training
263HH1684,training
264Guys0854,training
265Guys0845,training
266Guys0853,training
267HH1772,training
268Guys0858,training
269Guys0839,training
270Guys0847,training
274HH2294,training
275HH1803,training
276HH1840,training
277HH1770,training
278HH1771,training
279Guys1044,training
280HH1860,training
282HH2025,training
284HH2354,training
285Guys0857,training
286Guys0859,training
287Guys0863,training
288Guys0879,training
289Guys0864,training
290IOP0874,training
291IOP0882,training
292IOP0877,training
293IOP0876,training
294IOP0868,training
295HH1814,training
296HH1970,training
297Guys0886,training
298Guys0861,training
299Guys0893,training
300Guys0880,training
302HH1883,training
303IOP0968,training
304Guys0862,training
305IOP0871,training
306IOP0867,training
307IOP0872,training
308Guys0884,training
309IOP0897,training
310IOP0890,training
311Guys0885,training
312Guys0887,training
313HH2241,training
314IOP0889,training
315IOP0888,training
316HH1862,training
317Guys0896,validation
318Guys0895,inference
319Guys0901,training
320Guys0902,training
321Guys0903,training
322IOP0891,training
324Guys0922,training
325Guys0911,training
326Guys0907,training
327HH1999,training
328HH2295,training
329HH1908,training
330Guys0881,training
331IOP0892,training
332IOP1134,training
333IOP0926,training
334HH1907,training
335HH1906,training
336Guys0904,training
337IOP0929,training
338HH1971,training
340IOP0915,training
341Guys0906,training
342Guys0909,training
344Guys0905,training
345IOP0928,training
347IOP0927,training
348Guys0910,training
350Guys0908,training
351Guys0914,training
353HH1996,training
354HH2024,training
356HH2049,training
357HH2076,training
358Guys0919,training
359Guys0918,training
360Guys0912,training
361Guys0913,training
362HH2051,training
363HH2050,training
364Guys0920,training
365Guys0923,training
367Guys0917,training
368Guys0916,training
369Guys0924,training
370Guys0921,validation
371IOP0970,training
372IOP0971,training
373IOP0967,training
375Guys0925,training
376Guys0938,training
377Guys0937,training
378IOP0972,training
379Guys0943,training
380Guys0944,training
381Guys1024,training
382IOP1135,training
383HH2099,training
384HH2100,training
385HH2078,training
386HH2077,training
387HH2101,training
388IOP0973,training
389Guys0930,training
390Guys0931,training
391Guys0934,training
392Guys1064,training
393Guys0941,training
394Guys0940,training
395IOP0969,training
396HH2115,training
397Guys0953,training
398Guys0952,training
399Guys0966,training
400Guys0977,training
401Guys0978,training
402Guys0961,training
403Guys0965,training
404Guys0950,training
405Guys0948,training
406Guys0963,training
407Guys0964,training
408Guys0962,training
409Guys0960,training
410Guys0958,training
411Guys0959,training
412Guys0949,training
413Guys0955,training
414Guys0957,training
415Guys0942,training
416Guys1051,training
417Guys0939,training
418Guys0956,training
419Guys1027,training
420Guys1028,training
422Guys1071,training
423IOP0974,training
424IOP0991,training
425IOP0988,training
426IOP1011,training
427IOP1012,training
428Guys0996,training
429Guys0997,training
430IOP0990,training
431Guys0986,training
432Guys0987,training
433IOP0989,training
434IOP1010,training
435IOP1040,training
436HH2153,training
437HH2152,training
438HH2155,training
439HH2114,training
440HH2127,training
441HH2154,training
442IOP1041,training
443HH2215,training
444HH2270,training
445HH2269,training
446HH2325,training
447Guys0979,training
448HH2393,training
449Guys1082,training
450Guys1093,training
451HH2212,training
452HH2213,training
453HH2214,training
454Guys1083,training
455Guys0981,inference
456Guys1019,training
457Guys0984,training
458Guys0993,training
459Guys0992,training
460Guys0999,training
461Guys0998,training
462IOP1042,training
463IOP1043,training
464IOP1029,training
465HH2176,training
467Guys0983,training
468Guys0985,training
469IOP1136,training
470IOP1030,training
473IOP1137,training
474IOP1138,validation
475IOP1139,training
476IOP1140,training
477IOP1141,training
478IOP1142,training
479Guys1034,training
480Guys1033,training
481HH2175,training
482HH2178,training
483HH2177,training
484HH2179,training
485HH2180,training
486Guys1005,training
487Guys1037,training
488Guys1015,training
489Guys1014,training
490Guys1018,training
491Guys1032,training
492Guys1022,training
493Guys1007,training
494Guys1008,training
495Guys1009,training
496Guys1045,training
497Guys1002,training
498Guys1050,training
499Guys1004,training
500Guys1017,training
501Guys1016,training
502Guys1020,training
503Guys1021,training
504Guys1025,training
505Guys1026,training
506Guys1035,training
507Guys1036,training
508HH2268,training
510IOP1143,training
511HH2238,training
512Guys1054,training
515HH2377,training
516HH2297,training
517IOP1144,training
518HH2239,training
519HH2240,inference
521HH2353,training
522HH2453,training
523Guys1056,training
524HH2412,training
525HH2413,training
526HH2392,training
527HH2376,training
528Guys1073,training
531Guys1057,training
532IOP1145,training
533Guys1066,training
534Guys1062,training
535Guys1061,training
536Guys1059,training
537HH2378,training
538HH2411,training
539Guys1067,training
541IOP1146,training
542IOP1147,training
543IOP1148,training
544HH2395,training
546HH2450,training
547IOP1149,training
548IOP1150,training
549Guys1046,training
550Guys1069,training
551Guys1065,training
552Guys1063,training
553IOP1151,training
554Guys1068,training
555Guys1074,training
556HH2452,training
558Guys1079,training
559HH2394,training
560Guys1070,training
561IOP1152,training
562Guys1131,training
563IOP1153,training
565HH2534,training
566HH2535,training
567HH2536,training
568HH2607,training
569Guys1101,training
571IOP1154,training
572HH2605,training
573IOP1155,training
574IOP1156,training
575HH2658,training
576Guys1077,training
577HH2661,training
578Guys1078,training
579Guys1126,training
582Guys1127,training
584Guys1129,training
585Guys1130,training
586HH2451,training
587Guys1128,training
588IOP1158,training
589Guys1080,training
591Guys1084,training
592Guys1085,training
593Guys1109,training
594Guys1089,training
595IOP1159,training
596IOP1160,training
597IOP1161,training
598HH2606,training
599HH2659,training
600HH2660,training
601HH2700,validation
603HH2701,training
605HH2598,training
606HH2601,training
607Guys1097,training
608HH2599,training
609HH2600,training
610HH2649,training
611HH2650,training
612HH2688,training
613HH2734,training
614HH2735,training
616Guys1092,training
617Guys1090,training
618Guys1091,training
619Guys1099,training
621Guys1100,training
622Guys1102,training
623Guys1076,validation
625Guys1098,training
626Guys1094,training
627Guys1103,training
629Guys1095,training
630Guys1108,training
631HH2651,training
632HH2652,training
633HH2689,training
634HH2690,training
635HH2691,training
636HH2733,training
637HH2785,training
638HH2786,training
639Guys1088,training
640Guys1106,validation
641Guys1105,training
642Guys1104,training
643HH2787,inference
644Guys1121,training
646HH2653,training
648Guys1107,training
651Guys1118,training
652Guys1116,validation
653Guys1122,training
661HH2788,training
662Guys1120,training
