002Guys0828,/home/julien/traineeship/mmiv/data/labels_bin/IXI002-Guys-0828-brain.nii.gz
012HH1211,/home/julien/traineeship/mmiv/data/labels_bin/IXI012-HH-1211-brain.nii.gz
013HH1212,/home/julien/traineeship/mmiv/data/labels_bin/IXI013-HH-1212-brain.nii.gz
014HH1236,/home/julien/traineeship/mmiv/data/labels_bin/IXI014-HH-1236-brain.nii.gz
015HH1258,/home/julien/traineeship/mmiv/data/labels_bin/IXI015-HH-1258-brain.nii.gz
016Guys0697,/home/julien/traineeship/mmiv/data/labels_bin/IXI016-Guys-0697-brain.nii.gz
017Guys0698,/home/julien/traineeship/mmiv/data/labels_bin/IXI017-Guys-0698-brain.nii.gz
019Guys0702,/home/julien/traineeship/mmiv/data/labels_bin/IXI019-Guys-0702-brain.nii.gz
020Guys0700,/home/julien/traineeship/mmiv/data/labels_bin/IXI020-Guys-0700-brain.nii.gz
021Guys0703,/home/julien/traineeship/mmiv/data/labels_bin/IXI021-Guys-0703-brain.nii.gz
022Guys0701,/home/julien/traineeship/mmiv/data/labels_bin/IXI022-Guys-0701-brain.nii.gz
023Guys0699,/home/julien/traineeship/mmiv/data/labels_bin/IXI023-Guys-0699-brain.nii.gz
024Guys0705,/home/julien/traineeship/mmiv/data/labels_bin/IXI024-Guys-0705-brain.nii.gz
025Guys0852,/home/julien/traineeship/mmiv/data/labels_bin/IXI025-Guys-0852-brain.nii.gz
026Guys0696,/home/julien/traineeship/mmiv/data/labels_bin/IXI026-Guys-0696-brain.nii.gz
027Guys0710,/home/julien/traineeship/mmiv/data/labels_bin/IXI027-Guys-0710-brain.nii.gz
028Guys1038,/home/julien/traineeship/mmiv/data/labels_bin/IXI028-Guys-1038-brain.nii.gz
029Guys0829,/home/julien/traineeship/mmiv/data/labels_bin/IXI029-Guys-0829-brain.nii.gz
030Guys0708,/home/julien/traineeship/mmiv/data/labels_bin/IXI030-Guys-0708-brain.nii.gz
031Guys0797,/home/julien/traineeship/mmiv/data/labels_bin/IXI031-Guys-0797-brain.nii.gz
033HH1259,/home/julien/traineeship/mmiv/data/labels_bin/IXI033-HH-1259-brain.nii.gz
034HH1260,/home/julien/traineeship/mmiv/data/labels_bin/IXI034-HH-1260-brain.nii.gz
035IOP0873,/home/julien/traineeship/mmiv/data/labels_bin/IXI035-IOP-0873-brain.nii.gz
036Guys0736,/home/julien/traineeship/mmiv/data/labels_bin/IXI036-Guys-0736-brain.nii.gz
037Guys0704,/home/julien/traineeship/mmiv/data/labels_bin/IXI037-Guys-0704-brain.nii.gz
038Guys0729,/home/julien/traineeship/mmiv/data/labels_bin/IXI038-Guys-0729-brain.nii.gz
039HH1261,/home/julien/traineeship/mmiv/data/labels_bin/IXI039-HH-1261-brain.nii.gz
040Guys0724,/home/julien/traineeship/mmiv/data/labels_bin/IXI040-Guys-0724-brain.nii.gz
041Guys0706,/home/julien/traineeship/mmiv/data/labels_bin/IXI041-Guys-0706-brain.nii.gz
042Guys0725,/home/julien/traineeship/mmiv/data/labels_bin/IXI042-Guys-0725-brain.nii.gz
043Guys0714,/home/julien/traineeship/mmiv/data/labels_bin/IXI043-Guys-0714-brain.nii.gz
044Guys0712,/home/julien/traineeship/mmiv/data/labels_bin/IXI044-Guys-0712-brain.nii.gz
045Guys0713,/home/julien/traineeship/mmiv/data/labels_bin/IXI045-Guys-0713-brain.nii.gz
046Guys0824,/home/julien/traineeship/mmiv/data/labels_bin/IXI046-Guys-0824-brain.nii.gz
048HH1326,/home/julien/traineeship/mmiv/data/labels_bin/IXI048-HH-1326-brain.nii.gz
049HH1358,/home/julien/traineeship/mmiv/data/labels_bin/IXI049-HH-1358-brain.nii.gz
050Guys0711,/home/julien/traineeship/mmiv/data/labels_bin/IXI050-Guys-0711-brain.nii.gz
051HH1328,/home/julien/traineeship/mmiv/data/labels_bin/IXI051-HH-1328-brain.nii.gz
052HH1343,/home/julien/traineeship/mmiv/data/labels_bin/IXI052-HH-1343-brain.nii.gz
053Guys0727,/home/julien/traineeship/mmiv/data/labels_bin/IXI053-Guys-0727-brain.nii.gz
054Guys0707,/home/julien/traineeship/mmiv/data/labels_bin/IXI054-Guys-0707-brain.nii.gz
055Guys0730,/home/julien/traineeship/mmiv/data/labels_bin/IXI055-Guys-0730-brain.nii.gz
056HH1327,/home/julien/traineeship/mmiv/data/labels_bin/IXI056-HH-1327-brain.nii.gz
057HH1342,/home/julien/traineeship/mmiv/data/labels_bin/IXI057-HH-1342-brain.nii.gz
058Guys0726,/home/julien/traineeship/mmiv/data/labels_bin/IXI058-Guys-0726-brain.nii.gz
059HH1284,/home/julien/traineeship/mmiv/data/labels_bin/IXI059-HH-1284-brain.nii.gz
060Guys0709,/home/julien/traineeship/mmiv/data/labels_bin/IXI060-Guys-0709-brain.nii.gz
061Guys0715,/home/julien/traineeship/mmiv/data/labels_bin/IXI061-Guys-0715-brain.nii.gz
062Guys0740,/home/julien/traineeship/mmiv/data/labels_bin/IXI062-Guys-0740-brain.nii.gz
063Guys0742,/home/julien/traineeship/mmiv/data/labels_bin/IXI063-Guys-0742-brain.nii.gz
064Guys0743,/home/julien/traineeship/mmiv/data/labels_bin/IXI064-Guys-0743-brain.nii.gz
065Guys0744,/home/julien/traineeship/mmiv/data/labels_bin/IXI065-Guys-0744-brain.nii.gz
066Guys0731,/home/julien/traineeship/mmiv/data/labels_bin/IXI066-Guys-0731-brain.nii.gz
067HH1356,/home/julien/traineeship/mmiv/data/labels_bin/IXI067-HH-1356-brain.nii.gz
068Guys0756,/home/julien/traineeship/mmiv/data/labels_bin/IXI068-Guys-0756-brain.nii.gz
069Guys0769,/home/julien/traineeship/mmiv/data/labels_bin/IXI069-Guys-0769-brain.nii.gz
070Guys0767,/home/julien/traineeship/mmiv/data/labels_bin/IXI070-Guys-0767-brain.nii.gz
071Guys0770,/home/julien/traineeship/mmiv/data/labels_bin/IXI071-Guys-0770-brain.nii.gz
072HH2324,/home/julien/traineeship/mmiv/data/labels_bin/IXI072-HH-2324-brain.nii.gz
073Guys0755,/home/julien/traineeship/mmiv/data/labels_bin/IXI073-Guys-0755-brain.nii.gz
074Guys0771,/home/julien/traineeship/mmiv/data/labels_bin/IXI074-Guys-0771-brain.nii.gz
075Guys0754,/home/julien/traineeship/mmiv/data/labels_bin/IXI075-Guys-0754-brain.nii.gz
076Guys0753,/home/julien/traineeship/mmiv/data/labels_bin/IXI076-Guys-0753-brain.nii.gz
077Guys0752,/home/julien/traineeship/mmiv/data/labels_bin/IXI077-Guys-0752-brain.nii.gz
078Guys0751,/home/julien/traineeship/mmiv/data/labels_bin/IXI078-Guys-0751-brain.nii.gz
079HH1388,/home/julien/traineeship/mmiv/data/labels_bin/IXI079-HH-1388-brain.nii.gz
080HH1341,/home/julien/traineeship/mmiv/data/labels_bin/IXI080-HH-1341-brain.nii.gz
081Guys0855,/home/julien/traineeship/mmiv/data/labels_bin/IXI081-Guys-0855-brain.nii.gz
083HH1357,/home/julien/traineeship/mmiv/data/labels_bin/IXI083-HH-1357-brain.nii.gz
084Guys0741,/home/julien/traineeship/mmiv/data/labels_bin/IXI084-Guys-0741-brain.nii.gz
085Guys0759,/home/julien/traineeship/mmiv/data/labels_bin/IXI085-Guys-0759-brain.nii.gz
086Guys0728,/home/julien/traineeship/mmiv/data/labels_bin/IXI086-Guys-0728-brain.nii.gz
087Guys0768,/home/julien/traineeship/mmiv/data/labels_bin/IXI087-Guys-0768-brain.nii.gz
088Guys0758,/home/julien/traineeship/mmiv/data/labels_bin/IXI088-Guys-0758-brain.nii.gz
089Guys0757,/home/julien/traineeship/mmiv/data/labels_bin/IXI089-Guys-0757-brain.nii.gz
090Guys0800,/home/julien/traineeship/mmiv/data/labels_bin/IXI090-Guys-0800-brain.nii.gz
091Guys0762,/home/julien/traineeship/mmiv/data/labels_bin/IXI091-Guys-0762-brain.nii.gz
092HH1436,/home/julien/traineeship/mmiv/data/labels_bin/IXI092-HH-1436-brain.nii.gz
093HH1359,/home/julien/traineeship/mmiv/data/labels_bin/IXI093-HH-1359-brain.nii.gz
094HH1355,/home/julien/traineeship/mmiv/data/labels_bin/IXI094-HH-1355-brain.nii.gz
095HH1390,/home/julien/traineeship/mmiv/data/labels_bin/IXI095-HH-1390-brain.nii.gz
096HH1391,/home/julien/traineeship/mmiv/data/labels_bin/IXI096-HH-1391-brain.nii.gz
097HH1619,/home/julien/traineeship/mmiv/data/labels_bin/IXI097-HH-1619-brain.nii.gz
098Guys0745,/home/julien/traineeship/mmiv/data/labels_bin/IXI098-Guys-0745-brain.nii.gz
099Guys0748,/home/julien/traineeship/mmiv/data/labels_bin/IXI099-Guys-0748-brain.nii.gz
100Guys0747,/home/julien/traineeship/mmiv/data/labels_bin/IXI100-Guys-0747-brain.nii.gz
101Guys0749,/home/julien/traineeship/mmiv/data/labels_bin/IXI101-Guys-0749-brain.nii.gz
102HH1416,/home/julien/traineeship/mmiv/data/labels_bin/IXI102-HH-1416-brain.nii.gz
103Guys0750,/home/julien/traineeship/mmiv/data/labels_bin/IXI103-Guys-0750-brain.nii.gz
104HH1450,/home/julien/traineeship/mmiv/data/labels_bin/IXI104-HH-1450-brain.nii.gz
105HH1471,/home/julien/traineeship/mmiv/data/labels_bin/IXI105-HH-1471-brain.nii.gz
106Guys0760,/home/julien/traineeship/mmiv/data/labels_bin/IXI106-Guys-0760-brain.nii.gz
107Guys0761,/home/julien/traineeship/mmiv/data/labels_bin/IXI107-Guys-0761-brain.nii.gz
108Guys0865,/home/julien/traineeship/mmiv/data/labels_bin/IXI108-Guys-0865-brain.nii.gz
109Guys0732,/home/julien/traineeship/mmiv/data/labels_bin/IXI109-Guys-0732-brain.nii.gz
110Guys0733,/home/julien/traineeship/mmiv/data/labels_bin/IXI110-Guys-0733-brain.nii.gz
111Guys0734,/home/julien/traineeship/mmiv/data/labels_bin/IXI111-Guys-0734-brain.nii.gz
112Guys0735,/home/julien/traineeship/mmiv/data/labels_bin/IXI112-Guys-0735-brain.nii.gz
113Guys0776,/home/julien/traineeship/mmiv/data/labels_bin/IXI113-Guys-0776-brain.nii.gz
114Guys0737,/home/julien/traineeship/mmiv/data/labels_bin/IXI114-Guys-0737-brain.nii.gz
115Guys0738,/home/julien/traineeship/mmiv/data/labels_bin/IXI115-Guys-0738-brain.nii.gz
116Guys0739,/home/julien/traineeship/mmiv/data/labels_bin/IXI116-Guys-0739-brain.nii.gz
117Guys0763,/home/julien/traineeship/mmiv/data/labels_bin/IXI117-Guys-0763-brain.nii.gz
118Guys0764,/home/julien/traineeship/mmiv/data/labels_bin/IXI118-Guys-0764-brain.nii.gz
119Guys0765,/home/julien/traineeship/mmiv/data/labels_bin/IXI119-Guys-0765-brain.nii.gz
120Guys0766,/home/julien/traineeship/mmiv/data/labels_bin/IXI120-Guys-0766-brain.nii.gz
121Guys0772,/home/julien/traineeship/mmiv/data/labels_bin/IXI121-Guys-0772-brain.nii.gz
122Guys0773,/home/julien/traineeship/mmiv/data/labels_bin/IXI122-Guys-0773-brain.nii.gz
123Guys0774,/home/julien/traineeship/mmiv/data/labels_bin/IXI123-Guys-0774-brain.nii.gz
126HH1437,/home/julien/traineeship/mmiv/data/labels_bin/IXI126-HH-1437-brain.nii.gz
127HH1451,/home/julien/traineeship/mmiv/data/labels_bin/IXI127-HH-1451-brain.nii.gz
128HH1470,/home/julien/traineeship/mmiv/data/labels_bin/IXI128-HH-1470-brain.nii.gz
129Guys0775,/home/julien/traineeship/mmiv/data/labels_bin/IXI129-Guys-0775-brain.nii.gz
130HH1528,/home/julien/traineeship/mmiv/data/labels_bin/IXI130-HH-1528-brain.nii.gz
131HH1527,/home/julien/traineeship/mmiv/data/labels_bin/IXI131-HH-1527-brain.nii.gz
132HH1415,/home/julien/traineeship/mmiv/data/labels_bin/IXI132-HH-1415-brain.nii.gz
134Guys0780,/home/julien/traineeship/mmiv/data/labels_bin/IXI134-Guys-0780-brain.nii.gz
135Guys0779,/home/julien/traineeship/mmiv/data/labels_bin/IXI135-Guys-0779-brain.nii.gz
136HH1452,/home/julien/traineeship/mmiv/data/labels_bin/IXI136-HH-1452-brain.nii.gz
137HH1472,/home/julien/traineeship/mmiv/data/labels_bin/IXI137-HH-1472-brain.nii.gz
138Guys0746,/home/julien/traineeship/mmiv/data/labels_bin/IXI138-Guys-0746-brain.nii.gz
139Guys0815,/home/julien/traineeship/mmiv/data/labels_bin/IXI139-Guys-0815-brain.nii.gz
140Guys0787,/home/julien/traineeship/mmiv/data/labels_bin/IXI140-Guys-0787-brain.nii.gz
141Guys0789,/home/julien/traineeship/mmiv/data/labels_bin/IXI141-Guys-0789-brain.nii.gz
142Guys0786,/home/julien/traineeship/mmiv/data/labels_bin/IXI142-Guys-0786-brain.nii.gz
143Guys0785,/home/julien/traineeship/mmiv/data/labels_bin/IXI143-Guys-0785-brain.nii.gz
144Guys0788,/home/julien/traineeship/mmiv/data/labels_bin/IXI144-Guys-0788-brain.nii.gz
145Guys0781,/home/julien/traineeship/mmiv/data/labels_bin/IXI145-Guys-0781-brain.nii.gz
146HH1389,/home/julien/traineeship/mmiv/data/labels_bin/IXI146-HH-1389-brain.nii.gz
148HH1453,/home/julien/traineeship/mmiv/data/labels_bin/IXI148-HH-1453-brain.nii.gz
150HH1550,/home/julien/traineeship/mmiv/data/labels_bin/IXI150-HH-1550-brain.nii.gz
151Guys0793,/home/julien/traineeship/mmiv/data/labels_bin/IXI151-Guys-0793-brain.nii.gz
153Guys0782,/home/julien/traineeship/mmiv/data/labels_bin/IXI153-Guys-0782-brain.nii.gz
154Guys0821,/home/julien/traineeship/mmiv/data/labels_bin/IXI154-Guys-0821-brain.nii.gz
156Guys0837,/home/julien/traineeship/mmiv/data/labels_bin/IXI156-Guys-0837-brain.nii.gz
157Guys0816,/home/julien/traineeship/mmiv/data/labels_bin/IXI157-Guys-0816-brain.nii.gz
158Guys0783,/home/julien/traineeship/mmiv/data/labels_bin/IXI158-Guys-0783-brain.nii.gz
159HH1549,/home/julien/traineeship/mmiv/data/labels_bin/IXI159-HH-1549-brain.nii.gz
160HH1637,/home/julien/traineeship/mmiv/data/labels_bin/IXI160-HH-1637-brain.nii.gz
161HH2533,/home/julien/traineeship/mmiv/data/labels_bin/IXI161-HH-2533-brain.nii.gz
162HH1548,/home/julien/traineeship/mmiv/data/labels_bin/IXI162-HH-1548-brain.nii.gz
163HH1621,/home/julien/traineeship/mmiv/data/labels_bin/IXI163-HH-1621-brain.nii.gz
164Guys0844,/home/julien/traineeship/mmiv/data/labels_bin/IXI164-Guys-0844-brain.nii.gz
165HH1589,/home/julien/traineeship/mmiv/data/labels_bin/IXI165-HH-1589-brain.nii.gz
166Guys0846,/home/julien/traineeship/mmiv/data/labels_bin/IXI166-Guys-0846-brain.nii.gz
167HH1569,/home/julien/traineeship/mmiv/data/labels_bin/IXI167-HH-1569-brain.nii.gz
168HH1607,/home/julien/traineeship/mmiv/data/labels_bin/IXI168-HH-1607-brain.nii.gz
169Guys0842,/home/julien/traineeship/mmiv/data/labels_bin/IXI169-Guys-0842-brain.nii.gz
170Guys0843,/home/julien/traineeship/mmiv/data/labels_bin/IXI170-Guys-0843-brain.nii.gz
172Guys0982,/home/julien/traineeship/mmiv/data/labels_bin/IXI172-Guys-0982-brain.nii.gz
173HH1590,/home/julien/traineeship/mmiv/data/labels_bin/IXI173-HH-1590-brain.nii.gz
174HH1571,/home/julien/traineeship/mmiv/data/labels_bin/IXI174-HH-1571-brain.nii.gz
175HH1570,/home/julien/traineeship/mmiv/data/labels_bin/IXI175-HH-1570-brain.nii.gz
176HH1604,/home/julien/traineeship/mmiv/data/labels_bin/IXI176-HH-1604-brain.nii.gz
177Guys0831,/home/julien/traineeship/mmiv/data/labels_bin/IXI177-Guys-0831-brain.nii.gz
178Guys0778,/home/julien/traineeship/mmiv/data/labels_bin/IXI178-Guys-0778-brain.nii.gz
179Guys0777,/home/julien/traineeship/mmiv/data/labels_bin/IXI179-Guys-0777-brain.nii.gz
180HH1605,/home/julien/traineeship/mmiv/data/labels_bin/IXI180-HH-1605-brain.nii.gz
181Guys0790,/home/julien/traineeship/mmiv/data/labels_bin/IXI181-Guys-0790-brain.nii.gz
182Guys0792,/home/julien/traineeship/mmiv/data/labels_bin/IXI182-Guys-0792-brain.nii.gz
183Guys0791,/home/julien/traineeship/mmiv/data/labels_bin/IXI183-Guys-0791-brain.nii.gz
184Guys0794,/home/julien/traineeship/mmiv/data/labels_bin/IXI184-Guys-0794-brain.nii.gz
185Guys0795,/home/julien/traineeship/mmiv/data/labels_bin/IXI185-Guys-0795-brain.nii.gz
186Guys0796,/home/julien/traineeship/mmiv/data/labels_bin/IXI186-Guys-0796-brain.nii.gz
188Guys0798,/home/julien/traineeship/mmiv/data/labels_bin/IXI188-Guys-0798-brain.nii.gz
189Guys0799,/home/julien/traineeship/mmiv/data/labels_bin/IXI189-Guys-0799-brain.nii.gz
191Guys0801,/home/julien/traineeship/mmiv/data/labels_bin/IXI191-Guys-0801-brain.nii.gz
192Guys0878,/home/julien/traineeship/mmiv/data/labels_bin/IXI192-Guys-0878-brain.nii.gz
193Guys0810,/home/julien/traineeship/mmiv/data/labels_bin/IXI193-Guys-0810-brain.nii.gz
194Guys0818,/home/julien/traineeship/mmiv/data/labels_bin/IXI194-Guys-0818-brain.nii.gz
195HH1620,/home/julien/traineeship/mmiv/data/labels_bin/IXI195-HH-1620-brain.nii.gz
196Guys0805,/home/julien/traineeship/mmiv/data/labels_bin/IXI196-Guys-0805-brain.nii.gz
197Guys0811,/home/julien/traineeship/mmiv/data/labels_bin/IXI197-Guys-0811-brain.nii.gz
198Guys0803,/home/julien/traineeship/mmiv/data/labels_bin/IXI198-Guys-0803-brain.nii.gz
199Guys0802,/home/julien/traineeship/mmiv/data/labels_bin/IXI199-Guys-0802-brain.nii.gz
200Guys0812,/home/julien/traineeship/mmiv/data/labels_bin/IXI200-Guys-0812-brain.nii.gz
201HH1588,/home/julien/traineeship/mmiv/data/labels_bin/IXI201-HH-1588-brain.nii.gz
202HH1526,/home/julien/traineeship/mmiv/data/labels_bin/IXI202-HH-1526-brain.nii.gz
204HH1651,/home/julien/traineeship/mmiv/data/labels_bin/IXI204-HH-1651-brain.nii.gz
205HH1649,/home/julien/traineeship/mmiv/data/labels_bin/IXI205-HH-1649-brain.nii.gz
206HH1650,/home/julien/traineeship/mmiv/data/labels_bin/IXI206-HH-1650-brain.nii.gz
207Guys0809,/home/julien/traineeship/mmiv/data/labels_bin/IXI207-Guys-0809-brain.nii.gz
208Guys0808,/home/julien/traineeship/mmiv/data/labels_bin/IXI208-Guys-0808-brain.nii.gz
209Guys0804,/home/julien/traineeship/mmiv/data/labels_bin/IXI209-Guys-0804-brain.nii.gz
210Guys0856,/home/julien/traineeship/mmiv/data/labels_bin/IXI210-Guys-0856-brain.nii.gz
211HH1568,/home/julien/traineeship/mmiv/data/labels_bin/IXI211-HH-1568-brain.nii.gz
212HH1643,/home/julien/traineeship/mmiv/data/labels_bin/IXI212-HH-1643-brain.nii.gz
213HH1642,/home/julien/traineeship/mmiv/data/labels_bin/IXI213-HH-1642-brain.nii.gz
214HH1636,/home/julien/traineeship/mmiv/data/labels_bin/IXI214-HH-1636-brain.nii.gz
216HH1635,/home/julien/traineeship/mmiv/data/labels_bin/IXI216-HH-1635-brain.nii.gz
217HH1638,/home/julien/traineeship/mmiv/data/labels_bin/IXI217-HH-1638-brain.nii.gz
218HH1815,/home/julien/traineeship/mmiv/data/labels_bin/IXI218-HH-1815-brain.nii.gz
219Guys0894,/home/julien/traineeship/mmiv/data/labels_bin/IXI219-Guys-0894-brain.nii.gz
221HH1606,/home/julien/traineeship/mmiv/data/labels_bin/IXI221-HH-1606-brain.nii.gz
222Guys0819,/home/julien/traineeship/mmiv/data/labels_bin/IXI222-Guys-0819-brain.nii.gz
223Guys0830,/home/julien/traineeship/mmiv/data/labels_bin/IXI223-Guys-0830-brain.nii.gz
224Guys0823,/home/julien/traineeship/mmiv/data/labels_bin/IXI224-Guys-0823-brain.nii.gz
225Guys0832,/home/julien/traineeship/mmiv/data/labels_bin/IXI225-Guys-0832-brain.nii.gz
226HH1618,/home/julien/traineeship/mmiv/data/labels_bin/IXI226-HH-1618-brain.nii.gz
227Guys0813,/home/julien/traineeship/mmiv/data/labels_bin/IXI227-Guys-0813-brain.nii.gz
228Guys0822,/home/julien/traineeship/mmiv/data/labels_bin/IXI228-Guys-0822-brain.nii.gz
229Guys0980,/home/julien/traineeship/mmiv/data/labels_bin/IXI229-Guys-0980-brain.nii.gz
230IOP0869,/home/julien/traineeship/mmiv/data/labels_bin/IXI230-IOP-0869-brain.nii.gz
231IOP0866,/home/julien/traineeship/mmiv/data/labels_bin/IXI231-IOP-0866-brain.nii.gz
232IOP0898,/home/julien/traineeship/mmiv/data/labels_bin/IXI232-IOP-0898-brain.nii.gz
233IOP0875,/home/julien/traineeship/mmiv/data/labels_bin/IXI233-IOP-0875-brain.nii.gz
234IOP0870,/home/julien/traineeship/mmiv/data/labels_bin/IXI234-IOP-0870-brain.nii.gz
236Guys0817,/home/julien/traineeship/mmiv/data/labels_bin/IXI236-Guys-0817-brain.nii.gz
237Guys1049,/home/julien/traineeship/mmiv/data/labels_bin/IXI237-Guys-1049-brain.nii.gz
238IOP0883,/home/julien/traineeship/mmiv/data/labels_bin/IXI238-IOP-0883-brain.nii.gz
239HH2296,/home/julien/traineeship/mmiv/data/labels_bin/IXI239-HH-2296-brain.nii.gz
240Guys0834,/home/julien/traineeship/mmiv/data/labels_bin/IXI240-Guys-0834-brain.nii.gz
241Guys0833,/home/julien/traineeship/mmiv/data/labels_bin/IXI241-Guys-0833-brain.nii.gz
242HH1722,/home/julien/traineeship/mmiv/data/labels_bin/IXI242-HH-1722-brain.nii.gz
244Guys0841,/home/julien/traineeship/mmiv/data/labels_bin/IXI244-Guys-0841-brain.nii.gz
246Guys0840,/home/julien/traineeship/mmiv/data/labels_bin/IXI246-Guys-0840-brain.nii.gz
247Guys0838,/home/julien/traineeship/mmiv/data/labels_bin/IXI247-Guys-0838-brain.nii.gz
248HH1972,/home/julien/traineeship/mmiv/data/labels_bin/IXI248-HH-1972-brain.nii.gz
249Guys1072,/home/julien/traineeship/mmiv/data/labels_bin/IXI249-Guys-1072-brain.nii.gz
250Guys0836,/home/julien/traineeship/mmiv/data/labels_bin/IXI250-Guys-0836-brain.nii.gz
251Guys1055,/home/julien/traineeship/mmiv/data/labels_bin/IXI251-Guys-1055-brain.nii.gz
252HH1693,/home/julien/traineeship/mmiv/data/labels_bin/IXI252-HH-1693-brain.nii.gz
253HH1694,/home/julien/traineeship/mmiv/data/labels_bin/IXI253-HH-1694-brain.nii.gz
254HH1705,/home/julien/traineeship/mmiv/data/labels_bin/IXI254-HH-1705-brain.nii.gz
255HH1882,/home/julien/traineeship/mmiv/data/labels_bin/IXI255-HH-1882-brain.nii.gz
256HH1723,/home/julien/traineeship/mmiv/data/labels_bin/IXI256-HH-1723-brain.nii.gz
257HH1724,/home/julien/traineeship/mmiv/data/labels_bin/IXI257-HH-1724-brain.nii.gz
258HH1769,/home/julien/traineeship/mmiv/data/labels_bin/IXI258-HH-1769-brain.nii.gz
259HH1804,/home/julien/traineeship/mmiv/data/labels_bin/IXI259-HH-1804-brain.nii.gz
260HH1805,/home/julien/traineeship/mmiv/data/labels_bin/IXI260-HH-1805-brain.nii.gz
261HH1704,/home/julien/traineeship/mmiv/data/labels_bin/IXI261-HH-1704-brain.nii.gz
262HH1861,/home/julien/traineeship/mmiv/data/labels_bin/IXI262-HH-1861-brain.nii.gz
263HH1684,/home/julien/traineeship/mmiv/data/labels_bin/IXI263-HH-1684-brain.nii.gz
264Guys0854,/home/julien/traineeship/mmiv/data/labels_bin/IXI264-Guys-0854-brain.nii.gz
265Guys0845,/home/julien/traineeship/mmiv/data/labels_bin/IXI265-Guys-0845-brain.nii.gz
266Guys0853,/home/julien/traineeship/mmiv/data/labels_bin/IXI266-Guys-0853-brain.nii.gz
267HH1772,/home/julien/traineeship/mmiv/data/labels_bin/IXI267-HH-1772-brain.nii.gz
268Guys0858,/home/julien/traineeship/mmiv/data/labels_bin/IXI268-Guys-0858-brain.nii.gz
269Guys0839,/home/julien/traineeship/mmiv/data/labels_bin/IXI269-Guys-0839-brain.nii.gz
270Guys0847,/home/julien/traineeship/mmiv/data/labels_bin/IXI270-Guys-0847-brain.nii.gz
274HH2294,/home/julien/traineeship/mmiv/data/labels_bin/IXI274-HH-2294-brain.nii.gz
275HH1803,/home/julien/traineeship/mmiv/data/labels_bin/IXI275-HH-1803-brain.nii.gz
276HH1840,/home/julien/traineeship/mmiv/data/labels_bin/IXI276-HH-1840-brain.nii.gz
277HH1770,/home/julien/traineeship/mmiv/data/labels_bin/IXI277-HH-1770-brain.nii.gz
278HH1771,/home/julien/traineeship/mmiv/data/labels_bin/IXI278-HH-1771-brain.nii.gz
279Guys1044,/home/julien/traineeship/mmiv/data/labels_bin/IXI279-Guys-1044-brain.nii.gz
280HH1860,/home/julien/traineeship/mmiv/data/labels_bin/IXI280-HH-1860-brain.nii.gz
282HH2025,/home/julien/traineeship/mmiv/data/labels_bin/IXI282-HH-2025-brain.nii.gz
284HH2354,/home/julien/traineeship/mmiv/data/labels_bin/IXI284-HH-2354-brain.nii.gz
285Guys0857,/home/julien/traineeship/mmiv/data/labels_bin/IXI285-Guys-0857-brain.nii.gz
286Guys0859,/home/julien/traineeship/mmiv/data/labels_bin/IXI286-Guys-0859-brain.nii.gz
287Guys0863,/home/julien/traineeship/mmiv/data/labels_bin/IXI287-Guys-0863-brain.nii.gz
288Guys0879,/home/julien/traineeship/mmiv/data/labels_bin/IXI288-Guys-0879-brain.nii.gz
289Guys0864,/home/julien/traineeship/mmiv/data/labels_bin/IXI289-Guys-0864-brain.nii.gz
290IOP0874,/home/julien/traineeship/mmiv/data/labels_bin/IXI290-IOP-0874-brain.nii.gz
291IOP0882,/home/julien/traineeship/mmiv/data/labels_bin/IXI291-IOP-0882-brain.nii.gz
292IOP0877,/home/julien/traineeship/mmiv/data/labels_bin/IXI292-IOP-0877-brain.nii.gz
293IOP0876,/home/julien/traineeship/mmiv/data/labels_bin/IXI293-IOP-0876-brain.nii.gz
294IOP0868,/home/julien/traineeship/mmiv/data/labels_bin/IXI294-IOP-0868-brain.nii.gz
295HH1814,/home/julien/traineeship/mmiv/data/labels_bin/IXI295-HH-1814-brain.nii.gz
296HH1970,/home/julien/traineeship/mmiv/data/labels_bin/IXI296-HH-1970-brain.nii.gz
297Guys0886,/home/julien/traineeship/mmiv/data/labels_bin/IXI297-Guys-0886-brain.nii.gz
298Guys0861,/home/julien/traineeship/mmiv/data/labels_bin/IXI298-Guys-0861-brain.nii.gz
299Guys0893,/home/julien/traineeship/mmiv/data/labels_bin/IXI299-Guys-0893-brain.nii.gz
300Guys0880,/home/julien/traineeship/mmiv/data/labels_bin/IXI300-Guys-0880-brain.nii.gz
302HH1883,/home/julien/traineeship/mmiv/data/labels_bin/IXI302-HH-1883-brain.nii.gz
303IOP0968,/home/julien/traineeship/mmiv/data/labels_bin/IXI303-IOP-0968-brain.nii.gz
304Guys0862,/home/julien/traineeship/mmiv/data/labels_bin/IXI304-Guys-0862-brain.nii.gz
305IOP0871,/home/julien/traineeship/mmiv/data/labels_bin/IXI305-IOP-0871-brain.nii.gz
306IOP0867,/home/julien/traineeship/mmiv/data/labels_bin/IXI306-IOP-0867-brain.nii.gz
307IOP0872,/home/julien/traineeship/mmiv/data/labels_bin/IXI307-IOP-0872-brain.nii.gz
308Guys0884,/home/julien/traineeship/mmiv/data/labels_bin/IXI308-Guys-0884-brain.nii.gz
309IOP0897,/home/julien/traineeship/mmiv/data/labels_bin/IXI309-IOP-0897-brain.nii.gz
310IOP0890,/home/julien/traineeship/mmiv/data/labels_bin/IXI310-IOP-0890-brain.nii.gz
311Guys0885,/home/julien/traineeship/mmiv/data/labels_bin/IXI311-Guys-0885-brain.nii.gz
312Guys0887,/home/julien/traineeship/mmiv/data/labels_bin/IXI312-Guys-0887-brain.nii.gz
313HH2241,/home/julien/traineeship/mmiv/data/labels_bin/IXI313-HH-2241-brain.nii.gz
314IOP0889,/home/julien/traineeship/mmiv/data/labels_bin/IXI314-IOP-0889-brain.nii.gz
315IOP0888,/home/julien/traineeship/mmiv/data/labels_bin/IXI315-IOP-0888-brain.nii.gz
316HH1862,/home/julien/traineeship/mmiv/data/labels_bin/IXI316-HH-1862-brain.nii.gz
317Guys0896,/home/julien/traineeship/mmiv/data/labels_bin/IXI317-Guys-0896-brain.nii.gz
318Guys0895,/home/julien/traineeship/mmiv/data/labels_bin/IXI318-Guys-0895-brain.nii.gz
319Guys0901,/home/julien/traineeship/mmiv/data/labels_bin/IXI319-Guys-0901-brain.nii.gz
320Guys0902,/home/julien/traineeship/mmiv/data/labels_bin/IXI320-Guys-0902-brain.nii.gz
321Guys0903,/home/julien/traineeship/mmiv/data/labels_bin/IXI321-Guys-0903-brain.nii.gz
322IOP0891,/home/julien/traineeship/mmiv/data/labels_bin/IXI322-IOP-0891-brain.nii.gz
324Guys0922,/home/julien/traineeship/mmiv/data/labels_bin/IXI324-Guys-0922-brain.nii.gz
325Guys0911,/home/julien/traineeship/mmiv/data/labels_bin/IXI325-Guys-0911-brain.nii.gz
326Guys0907,/home/julien/traineeship/mmiv/data/labels_bin/IXI326-Guys-0907-brain.nii.gz
327HH1999,/home/julien/traineeship/mmiv/data/labels_bin/IXI327-HH-1999-brain.nii.gz
328HH2295,/home/julien/traineeship/mmiv/data/labels_bin/IXI328-HH-2295-brain.nii.gz
329HH1908,/home/julien/traineeship/mmiv/data/labels_bin/IXI329-HH-1908-brain.nii.gz
330Guys0881,/home/julien/traineeship/mmiv/data/labels_bin/IXI330-Guys-0881-brain.nii.gz
331IOP0892,/home/julien/traineeship/mmiv/data/labels_bin/IXI331-IOP-0892-brain.nii.gz
332IOP1134,/home/julien/traineeship/mmiv/data/labels_bin/IXI332-IOP-1134-brain.nii.gz
333IOP0926,/home/julien/traineeship/mmiv/data/labels_bin/IXI333-IOP-0926-brain.nii.gz
334HH1907,/home/julien/traineeship/mmiv/data/labels_bin/IXI334-HH-1907-brain.nii.gz
335HH1906,/home/julien/traineeship/mmiv/data/labels_bin/IXI335-HH-1906-brain.nii.gz
336Guys0904,/home/julien/traineeship/mmiv/data/labels_bin/IXI336-Guys-0904-brain.nii.gz
337IOP0929,/home/julien/traineeship/mmiv/data/labels_bin/IXI337-IOP-0929-brain.nii.gz
338HH1971,/home/julien/traineeship/mmiv/data/labels_bin/IXI338-HH-1971-brain.nii.gz
340IOP0915,/home/julien/traineeship/mmiv/data/labels_bin/IXI340-IOP-0915-brain.nii.gz
341Guys0906,/home/julien/traineeship/mmiv/data/labels_bin/IXI341-Guys-0906-brain.nii.gz
342Guys0909,/home/julien/traineeship/mmiv/data/labels_bin/IXI342-Guys-0909-brain.nii.gz
344Guys0905,/home/julien/traineeship/mmiv/data/labels_bin/IXI344-Guys-0905-brain.nii.gz
345IOP0928,/home/julien/traineeship/mmiv/data/labels_bin/IXI345-IOP-0928-brain.nii.gz
347IOP0927,/home/julien/traineeship/mmiv/data/labels_bin/IXI347-IOP-0927-brain.nii.gz
348Guys0910,/home/julien/traineeship/mmiv/data/labels_bin/IXI348-Guys-0910-brain.nii.gz
350Guys0908,/home/julien/traineeship/mmiv/data/labels_bin/IXI350-Guys-0908-brain.nii.gz
351Guys0914,/home/julien/traineeship/mmiv/data/labels_bin/IXI351-Guys-0914-brain.nii.gz
353HH1996,/home/julien/traineeship/mmiv/data/labels_bin/IXI353-HH-1996-brain.nii.gz
354HH2024,/home/julien/traineeship/mmiv/data/labels_bin/IXI354-HH-2024-brain.nii.gz
356HH2049,/home/julien/traineeship/mmiv/data/labels_bin/IXI356-HH-2049-brain.nii.gz
357HH2076,/home/julien/traineeship/mmiv/data/labels_bin/IXI357-HH-2076-brain.nii.gz
358Guys0919,/home/julien/traineeship/mmiv/data/labels_bin/IXI358-Guys-0919-brain.nii.gz
359Guys0918,/home/julien/traineeship/mmiv/data/labels_bin/IXI359-Guys-0918-brain.nii.gz
360Guys0912,/home/julien/traineeship/mmiv/data/labels_bin/IXI360-Guys-0912-brain.nii.gz
361Guys0913,/home/julien/traineeship/mmiv/data/labels_bin/IXI361-Guys-0913-brain.nii.gz
362HH2051,/home/julien/traineeship/mmiv/data/labels_bin/IXI362-HH-2051-brain.nii.gz
363HH2050,/home/julien/traineeship/mmiv/data/labels_bin/IXI363-HH-2050-brain.nii.gz
364Guys0920,/home/julien/traineeship/mmiv/data/labels_bin/IXI364-Guys-0920-brain.nii.gz
365Guys0923,/home/julien/traineeship/mmiv/data/labels_bin/IXI365-Guys-0923-brain.nii.gz
367Guys0917,/home/julien/traineeship/mmiv/data/labels_bin/IXI367-Guys-0917-brain.nii.gz
368Guys0916,/home/julien/traineeship/mmiv/data/labels_bin/IXI368-Guys-0916-brain.nii.gz
369Guys0924,/home/julien/traineeship/mmiv/data/labels_bin/IXI369-Guys-0924-brain.nii.gz
370Guys0921,/home/julien/traineeship/mmiv/data/labels_bin/IXI370-Guys-0921-brain.nii.gz
371IOP0970,/home/julien/traineeship/mmiv/data/labels_bin/IXI371-IOP-0970-brain.nii.gz
372IOP0971,/home/julien/traineeship/mmiv/data/labels_bin/IXI372-IOP-0971-brain.nii.gz
373IOP0967,/home/julien/traineeship/mmiv/data/labels_bin/IXI373-IOP-0967-brain.nii.gz
375Guys0925,/home/julien/traineeship/mmiv/data/labels_bin/IXI375-Guys-0925-brain.nii.gz
376Guys0938,/home/julien/traineeship/mmiv/data/labels_bin/IXI376-Guys-0938-brain.nii.gz
377Guys0937,/home/julien/traineeship/mmiv/data/labels_bin/IXI377-Guys-0937-brain.nii.gz
378IOP0972,/home/julien/traineeship/mmiv/data/labels_bin/IXI378-IOP-0972-brain.nii.gz
379Guys0943,/home/julien/traineeship/mmiv/data/labels_bin/IXI379-Guys-0943-brain.nii.gz
380Guys0944,/home/julien/traineeship/mmiv/data/labels_bin/IXI380-Guys-0944-brain.nii.gz
381Guys1024,/home/julien/traineeship/mmiv/data/labels_bin/IXI381-Guys-1024-brain.nii.gz
382IOP1135,/home/julien/traineeship/mmiv/data/labels_bin/IXI382-IOP-1135-brain.nii.gz
383HH2099,/home/julien/traineeship/mmiv/data/labels_bin/IXI383-HH-2099-brain.nii.gz
384HH2100,/home/julien/traineeship/mmiv/data/labels_bin/IXI384-HH-2100-brain.nii.gz
385HH2078,/home/julien/traineeship/mmiv/data/labels_bin/IXI385-HH-2078-brain.nii.gz
386HH2077,/home/julien/traineeship/mmiv/data/labels_bin/IXI386-HH-2077-brain.nii.gz
387HH2101,/home/julien/traineeship/mmiv/data/labels_bin/IXI387-HH-2101-brain.nii.gz
388IOP0973,/home/julien/traineeship/mmiv/data/labels_bin/IXI388-IOP-0973-brain.nii.gz
389Guys0930,/home/julien/traineeship/mmiv/data/labels_bin/IXI389-Guys-0930-brain.nii.gz
390Guys0931,/home/julien/traineeship/mmiv/data/labels_bin/IXI390-Guys-0931-brain.nii.gz
391Guys0934,/home/julien/traineeship/mmiv/data/labels_bin/IXI391-Guys-0934-brain.nii.gz
392Guys1064,/home/julien/traineeship/mmiv/data/labels_bin/IXI392-Guys-1064-brain.nii.gz
393Guys0941,/home/julien/traineeship/mmiv/data/labels_bin/IXI393-Guys-0941-brain.nii.gz
394Guys0940,/home/julien/traineeship/mmiv/data/labels_bin/IXI394-Guys-0940-brain.nii.gz
395IOP0969,/home/julien/traineeship/mmiv/data/labels_bin/IXI395-IOP-0969-brain.nii.gz
396HH2115,/home/julien/traineeship/mmiv/data/labels_bin/IXI396-HH-2115-brain.nii.gz
397Guys0953,/home/julien/traineeship/mmiv/data/labels_bin/IXI397-Guys-0953-brain.nii.gz
398Guys0952,/home/julien/traineeship/mmiv/data/labels_bin/IXI398-Guys-0952-brain.nii.gz
399Guys0966,/home/julien/traineeship/mmiv/data/labels_bin/IXI399-Guys-0966-brain.nii.gz
400Guys0977,/home/julien/traineeship/mmiv/data/labels_bin/IXI400-Guys-0977-brain.nii.gz
401Guys0978,/home/julien/traineeship/mmiv/data/labels_bin/IXI401-Guys-0978-brain.nii.gz
402Guys0961,/home/julien/traineeship/mmiv/data/labels_bin/IXI402-Guys-0961-brain.nii.gz
403Guys0965,/home/julien/traineeship/mmiv/data/labels_bin/IXI403-Guys-0965-brain.nii.gz
404Guys0950,/home/julien/traineeship/mmiv/data/labels_bin/IXI404-Guys-0950-brain.nii.gz
405Guys0948,/home/julien/traineeship/mmiv/data/labels_bin/IXI405-Guys-0948-brain.nii.gz
406Guys0963,/home/julien/traineeship/mmiv/data/labels_bin/IXI406-Guys-0963-brain.nii.gz
407Guys0964,/home/julien/traineeship/mmiv/data/labels_bin/IXI407-Guys-0964-brain.nii.gz
408Guys0962,/home/julien/traineeship/mmiv/data/labels_bin/IXI408-Guys-0962-brain.nii.gz
409Guys0960,/home/julien/traineeship/mmiv/data/labels_bin/IXI409-Guys-0960-brain.nii.gz
410Guys0958,/home/julien/traineeship/mmiv/data/labels_bin/IXI410-Guys-0958-brain.nii.gz
411Guys0959,/home/julien/traineeship/mmiv/data/labels_bin/IXI411-Guys-0959-brain.nii.gz
412Guys0949,/home/julien/traineeship/mmiv/data/labels_bin/IXI412-Guys-0949-brain.nii.gz
413Guys0955,/home/julien/traineeship/mmiv/data/labels_bin/IXI413-Guys-0955-brain.nii.gz
414Guys0957,/home/julien/traineeship/mmiv/data/labels_bin/IXI414-Guys-0957-brain.nii.gz
415Guys0942,/home/julien/traineeship/mmiv/data/labels_bin/IXI415-Guys-0942-brain.nii.gz
416Guys1051,/home/julien/traineeship/mmiv/data/labels_bin/IXI416-Guys-1051-brain.nii.gz
417Guys0939,/home/julien/traineeship/mmiv/data/labels_bin/IXI417-Guys-0939-brain.nii.gz
418Guys0956,/home/julien/traineeship/mmiv/data/labels_bin/IXI418-Guys-0956-brain.nii.gz
419Guys1027,/home/julien/traineeship/mmiv/data/labels_bin/IXI419-Guys-1027-brain.nii.gz
420Guys1028,/home/julien/traineeship/mmiv/data/labels_bin/IXI420-Guys-1028-brain.nii.gz
422Guys1071,/home/julien/traineeship/mmiv/data/labels_bin/IXI422-Guys-1071-brain.nii.gz
423IOP0974,/home/julien/traineeship/mmiv/data/labels_bin/IXI423-IOP-0974-brain.nii.gz
424IOP0991,/home/julien/traineeship/mmiv/data/labels_bin/IXI424-IOP-0991-brain.nii.gz
425IOP0988,/home/julien/traineeship/mmiv/data/labels_bin/IXI425-IOP-0988-brain.nii.gz
426IOP1011,/home/julien/traineeship/mmiv/data/labels_bin/IXI426-IOP-1011-brain.nii.gz
427IOP1012,/home/julien/traineeship/mmiv/data/labels_bin/IXI427-IOP-1012-brain.nii.gz
428Guys0996,/home/julien/traineeship/mmiv/data/labels_bin/IXI428-Guys-0996-brain.nii.gz
429Guys0997,/home/julien/traineeship/mmiv/data/labels_bin/IXI429-Guys-0997-brain.nii.gz
430IOP0990,/home/julien/traineeship/mmiv/data/labels_bin/IXI430-IOP-0990-brain.nii.gz
431Guys0986,/home/julien/traineeship/mmiv/data/labels_bin/IXI431-Guys-0986-brain.nii.gz
432Guys0987,/home/julien/traineeship/mmiv/data/labels_bin/IXI432-Guys-0987-brain.nii.gz
433IOP0989,/home/julien/traineeship/mmiv/data/labels_bin/IXI433-IOP-0989-brain.nii.gz
434IOP1010,/home/julien/traineeship/mmiv/data/labels_bin/IXI434-IOP-1010-brain.nii.gz
435IOP1040,/home/julien/traineeship/mmiv/data/labels_bin/IXI435-IOP-1040-brain.nii.gz
436HH2153,/home/julien/traineeship/mmiv/data/labels_bin/IXI436-HH-2153-brain.nii.gz
437HH2152,/home/julien/traineeship/mmiv/data/labels_bin/IXI437-HH-2152-brain.nii.gz
438HH2155,/home/julien/traineeship/mmiv/data/labels_bin/IXI438-HH-2155-brain.nii.gz
439HH2114,/home/julien/traineeship/mmiv/data/labels_bin/IXI439-HH-2114-brain.nii.gz
440HH2127,/home/julien/traineeship/mmiv/data/labels_bin/IXI440-HH-2127-brain.nii.gz
441HH2154,/home/julien/traineeship/mmiv/data/labels_bin/IXI441-HH-2154-brain.nii.gz
442IOP1041,/home/julien/traineeship/mmiv/data/labels_bin/IXI442-IOP-1041-brain.nii.gz
443HH2215,/home/julien/traineeship/mmiv/data/labels_bin/IXI443-HH-2215-brain.nii.gz
444HH2270,/home/julien/traineeship/mmiv/data/labels_bin/IXI444-HH-2270-brain.nii.gz
445HH2269,/home/julien/traineeship/mmiv/data/labels_bin/IXI445-HH-2269-brain.nii.gz
446HH2325,/home/julien/traineeship/mmiv/data/labels_bin/IXI446-HH-2325-brain.nii.gz
447Guys0979,/home/julien/traineeship/mmiv/data/labels_bin/IXI447-Guys-0979-brain.nii.gz
448HH2393,/home/julien/traineeship/mmiv/data/labels_bin/IXI448-HH-2393-brain.nii.gz
449Guys1082,/home/julien/traineeship/mmiv/data/labels_bin/IXI449-Guys-1082-brain.nii.gz
450Guys1093,/home/julien/traineeship/mmiv/data/labels_bin/IXI450-Guys-1093-brain.nii.gz
451HH2212,/home/julien/traineeship/mmiv/data/labels_bin/IXI451-HH-2212-brain.nii.gz
452HH2213,/home/julien/traineeship/mmiv/data/labels_bin/IXI452-HH-2213-brain.nii.gz
453HH2214,/home/julien/traineeship/mmiv/data/labels_bin/IXI453-HH-2214-brain.nii.gz
454Guys1083,/home/julien/traineeship/mmiv/data/labels_bin/IXI454-Guys-1083-brain.nii.gz
455Guys0981,/home/julien/traineeship/mmiv/data/labels_bin/IXI455-Guys-0981-brain.nii.gz
456Guys1019,/home/julien/traineeship/mmiv/data/labels_bin/IXI456-Guys-1019-brain.nii.gz
457Guys0984,/home/julien/traineeship/mmiv/data/labels_bin/IXI457-Guys-0984-brain.nii.gz
458Guys0993,/home/julien/traineeship/mmiv/data/labels_bin/IXI458-Guys-0993-brain.nii.gz
459Guys0992,/home/julien/traineeship/mmiv/data/labels_bin/IXI459-Guys-0992-brain.nii.gz
460Guys0999,/home/julien/traineeship/mmiv/data/labels_bin/IXI460-Guys-0999-brain.nii.gz
461Guys0998,/home/julien/traineeship/mmiv/data/labels_bin/IXI461-Guys-0998-brain.nii.gz
462IOP1042,/home/julien/traineeship/mmiv/data/labels_bin/IXI462-IOP-1042-brain.nii.gz
463IOP1043,/home/julien/traineeship/mmiv/data/labels_bin/IXI463-IOP-1043-brain.nii.gz
464IOP1029,/home/julien/traineeship/mmiv/data/labels_bin/IXI464-IOP-1029-brain.nii.gz
465HH2176,/home/julien/traineeship/mmiv/data/labels_bin/IXI465-HH-2176-brain.nii.gz
467Guys0983,/home/julien/traineeship/mmiv/data/labels_bin/IXI467-Guys-0983-brain.nii.gz
468Guys0985,/home/julien/traineeship/mmiv/data/labels_bin/IXI468-Guys-0985-brain.nii.gz
469IOP1136,/home/julien/traineeship/mmiv/data/labels_bin/IXI469-IOP-1136-brain.nii.gz
470IOP1030,/home/julien/traineeship/mmiv/data/labels_bin/IXI470-IOP-1030-brain.nii.gz
473IOP1137,/home/julien/traineeship/mmiv/data/labels_bin/IXI473-IOP-1137-brain.nii.gz
474IOP1138,/home/julien/traineeship/mmiv/data/labels_bin/IXI474-IOP-1138-brain.nii.gz
475IOP1139,/home/julien/traineeship/mmiv/data/labels_bin/IXI475-IOP-1139-brain.nii.gz
476IOP1140,/home/julien/traineeship/mmiv/data/labels_bin/IXI476-IOP-1140-brain.nii.gz
477IOP1141,/home/julien/traineeship/mmiv/data/labels_bin/IXI477-IOP-1141-brain.nii.gz
478IOP1142,/home/julien/traineeship/mmiv/data/labels_bin/IXI478-IOP-1142-brain.nii.gz
479Guys1034,/home/julien/traineeship/mmiv/data/labels_bin/IXI479-Guys-1034-brain.nii.gz
480Guys1033,/home/julien/traineeship/mmiv/data/labels_bin/IXI480-Guys-1033-brain.nii.gz
481HH2175,/home/julien/traineeship/mmiv/data/labels_bin/IXI481-HH-2175-brain.nii.gz
482HH2178,/home/julien/traineeship/mmiv/data/labels_bin/IXI482-HH-2178-brain.nii.gz
483HH2177,/home/julien/traineeship/mmiv/data/labels_bin/IXI483-HH-2177-brain.nii.gz
484HH2179,/home/julien/traineeship/mmiv/data/labels_bin/IXI484-HH-2179-brain.nii.gz
485HH2180,/home/julien/traineeship/mmiv/data/labels_bin/IXI485-HH-2180-brain.nii.gz
486Guys1005,/home/julien/traineeship/mmiv/data/labels_bin/IXI486-Guys-1005-brain.nii.gz
487Guys1037,/home/julien/traineeship/mmiv/data/labels_bin/IXI487-Guys-1037-brain.nii.gz
488Guys1015,/home/julien/traineeship/mmiv/data/labels_bin/IXI488-Guys-1015-brain.nii.gz
489Guys1014,/home/julien/traineeship/mmiv/data/labels_bin/IXI489-Guys-1014-brain.nii.gz
490Guys1018,/home/julien/traineeship/mmiv/data/labels_bin/IXI490-Guys-1018-brain.nii.gz
491Guys1032,/home/julien/traineeship/mmiv/data/labels_bin/IXI491-Guys-1032-brain.nii.gz
492Guys1022,/home/julien/traineeship/mmiv/data/labels_bin/IXI492-Guys-1022-brain.nii.gz
493Guys1007,/home/julien/traineeship/mmiv/data/labels_bin/IXI493-Guys-1007-brain.nii.gz
494Guys1008,/home/julien/traineeship/mmiv/data/labels_bin/IXI494-Guys-1008-brain.nii.gz
495Guys1009,/home/julien/traineeship/mmiv/data/labels_bin/IXI495-Guys-1009-brain.nii.gz
496Guys1045,/home/julien/traineeship/mmiv/data/labels_bin/IXI496-Guys-1045-brain.nii.gz
497Guys1002,/home/julien/traineeship/mmiv/data/labels_bin/IXI497-Guys-1002-brain.nii.gz
498Guys1050,/home/julien/traineeship/mmiv/data/labels_bin/IXI498-Guys-1050-brain.nii.gz
499Guys1004,/home/julien/traineeship/mmiv/data/labels_bin/IXI499-Guys-1004-brain.nii.gz
500Guys1017,/home/julien/traineeship/mmiv/data/labels_bin/IXI500-Guys-1017-brain.nii.gz
501Guys1016,/home/julien/traineeship/mmiv/data/labels_bin/IXI501-Guys-1016-brain.nii.gz
502Guys1020,/home/julien/traineeship/mmiv/data/labels_bin/IXI502-Guys-1020-brain.nii.gz
503Guys1021,/home/julien/traineeship/mmiv/data/labels_bin/IXI503-Guys-1021-brain.nii.gz
504Guys1025,/home/julien/traineeship/mmiv/data/labels_bin/IXI504-Guys-1025-brain.nii.gz
505Guys1026,/home/julien/traineeship/mmiv/data/labels_bin/IXI505-Guys-1026-brain.nii.gz
506Guys1035,/home/julien/traineeship/mmiv/data/labels_bin/IXI506-Guys-1035-brain.nii.gz
507Guys1036,/home/julien/traineeship/mmiv/data/labels_bin/IXI507-Guys-1036-brain.nii.gz
508HH2268,/home/julien/traineeship/mmiv/data/labels_bin/IXI508-HH-2268-brain.nii.gz
510IOP1143,/home/julien/traineeship/mmiv/data/labels_bin/IXI510-IOP-1143-brain.nii.gz
511HH2238,/home/julien/traineeship/mmiv/data/labels_bin/IXI511-HH-2238-brain.nii.gz
512Guys1054,/home/julien/traineeship/mmiv/data/labels_bin/IXI512-Guys-1054-brain.nii.gz
515HH2377,/home/julien/traineeship/mmiv/data/labels_bin/IXI515-HH-2377-brain.nii.gz
516HH2297,/home/julien/traineeship/mmiv/data/labels_bin/IXI516-HH-2297-brain.nii.gz
517IOP1144,/home/julien/traineeship/mmiv/data/labels_bin/IXI517-IOP-1144-brain.nii.gz
518HH2239,/home/julien/traineeship/mmiv/data/labels_bin/IXI518-HH-2239-brain.nii.gz
519HH2240,/home/julien/traineeship/mmiv/data/labels_bin/IXI519-HH-2240-brain.nii.gz
521HH2353,/home/julien/traineeship/mmiv/data/labels_bin/IXI521-HH-2353-brain.nii.gz
522HH2453,/home/julien/traineeship/mmiv/data/labels_bin/IXI522-HH-2453-brain.nii.gz
523Guys1056,/home/julien/traineeship/mmiv/data/labels_bin/IXI523-Guys-1056-brain.nii.gz
524HH2412,/home/julien/traineeship/mmiv/data/labels_bin/IXI524-HH-2412-brain.nii.gz
525HH2413,/home/julien/traineeship/mmiv/data/labels_bin/IXI525-HH-2413-brain.nii.gz
526HH2392,/home/julien/traineeship/mmiv/data/labels_bin/IXI526-HH-2392-brain.nii.gz
527HH2376,/home/julien/traineeship/mmiv/data/labels_bin/IXI527-HH-2376-brain.nii.gz
528Guys1073,/home/julien/traineeship/mmiv/data/labels_bin/IXI528-Guys-1073-brain.nii.gz
531Guys1057,/home/julien/traineeship/mmiv/data/labels_bin/IXI531-Guys-1057-brain.nii.gz
532IOP1145,/home/julien/traineeship/mmiv/data/labels_bin/IXI532-IOP-1145-brain.nii.gz
533Guys1066,/home/julien/traineeship/mmiv/data/labels_bin/IXI533-Guys-1066-brain.nii.gz
534Guys1062,/home/julien/traineeship/mmiv/data/labels_bin/IXI534-Guys-1062-brain.nii.gz
535Guys1061,/home/julien/traineeship/mmiv/data/labels_bin/IXI535-Guys-1061-brain.nii.gz
536Guys1059,/home/julien/traineeship/mmiv/data/labels_bin/IXI536-Guys-1059-brain.nii.gz
537HH2378,/home/julien/traineeship/mmiv/data/labels_bin/IXI537-HH-2378-brain.nii.gz
538HH2411,/home/julien/traineeship/mmiv/data/labels_bin/IXI538-HH-2411-brain.nii.gz
539Guys1067,/home/julien/traineeship/mmiv/data/labels_bin/IXI539-Guys-1067-brain.nii.gz
541IOP1146,/home/julien/traineeship/mmiv/data/labels_bin/IXI541-IOP-1146-brain.nii.gz
542IOP1147,/home/julien/traineeship/mmiv/data/labels_bin/IXI542-IOP-1147-brain.nii.gz
543IOP1148,/home/julien/traineeship/mmiv/data/labels_bin/IXI543-IOP-1148-brain.nii.gz
544HH2395,/home/julien/traineeship/mmiv/data/labels_bin/IXI544-HH-2395-brain.nii.gz
546HH2450,/home/julien/traineeship/mmiv/data/labels_bin/IXI546-HH-2450-brain.nii.gz
547IOP1149,/home/julien/traineeship/mmiv/data/labels_bin/IXI547-IOP-1149-brain.nii.gz
548IOP1150,/home/julien/traineeship/mmiv/data/labels_bin/IXI548-IOP-1150-brain.nii.gz
549Guys1046,/home/julien/traineeship/mmiv/data/labels_bin/IXI549-Guys-1046-brain.nii.gz
550Guys1069,/home/julien/traineeship/mmiv/data/labels_bin/IXI550-Guys-1069-brain.nii.gz
551Guys1065,/home/julien/traineeship/mmiv/data/labels_bin/IXI551-Guys-1065-brain.nii.gz
552Guys1063,/home/julien/traineeship/mmiv/data/labels_bin/IXI552-Guys-1063-brain.nii.gz
553IOP1151,/home/julien/traineeship/mmiv/data/labels_bin/IXI553-IOP-1151-brain.nii.gz
554Guys1068,/home/julien/traineeship/mmiv/data/labels_bin/IXI554-Guys-1068-brain.nii.gz
555Guys1074,/home/julien/traineeship/mmiv/data/labels_bin/IXI555-Guys-1074-brain.nii.gz
556HH2452,/home/julien/traineeship/mmiv/data/labels_bin/IXI556-HH-2452-brain.nii.gz
558Guys1079,/home/julien/traineeship/mmiv/data/labels_bin/IXI558-Guys-1079-brain.nii.gz
559HH2394,/home/julien/traineeship/mmiv/data/labels_bin/IXI559-HH-2394-brain.nii.gz
560Guys1070,/home/julien/traineeship/mmiv/data/labels_bin/IXI560-Guys-1070-brain.nii.gz
561IOP1152,/home/julien/traineeship/mmiv/data/labels_bin/IXI561-IOP-1152-brain.nii.gz
562Guys1131,/home/julien/traineeship/mmiv/data/labels_bin/IXI562-Guys-1131-brain.nii.gz
563IOP1153,/home/julien/traineeship/mmiv/data/labels_bin/IXI563-IOP-1153-brain.nii.gz
565HH2534,/home/julien/traineeship/mmiv/data/labels_bin/IXI565-HH-2534-brain.nii.gz
566HH2535,/home/julien/traineeship/mmiv/data/labels_bin/IXI566-HH-2535-brain.nii.gz
567HH2536,/home/julien/traineeship/mmiv/data/labels_bin/IXI567-HH-2536-brain.nii.gz
568HH2607,/home/julien/traineeship/mmiv/data/labels_bin/IXI568-HH-2607-brain.nii.gz
569Guys1101,/home/julien/traineeship/mmiv/data/labels_bin/IXI569-Guys-1101-brain.nii.gz
571IOP1154,/home/julien/traineeship/mmiv/data/labels_bin/IXI571-IOP-1154-brain.nii.gz
572HH2605,/home/julien/traineeship/mmiv/data/labels_bin/IXI572-HH-2605-brain.nii.gz
573IOP1155,/home/julien/traineeship/mmiv/data/labels_bin/IXI573-IOP-1155-brain.nii.gz
574IOP1156,/home/julien/traineeship/mmiv/data/labels_bin/IXI574-IOP-1156-brain.nii.gz
575HH2658,/home/julien/traineeship/mmiv/data/labels_bin/IXI575-HH-2658-brain.nii.gz
576Guys1077,/home/julien/traineeship/mmiv/data/labels_bin/IXI576-Guys-1077-brain.nii.gz
577HH2661,/home/julien/traineeship/mmiv/data/labels_bin/IXI577-HH-2661-brain.nii.gz
578Guys1078,/home/julien/traineeship/mmiv/data/labels_bin/IXI578-Guys-1078-brain.nii.gz
579Guys1126,/home/julien/traineeship/mmiv/data/labels_bin/IXI579-Guys-1126-brain.nii.gz
582Guys1127,/home/julien/traineeship/mmiv/data/labels_bin/IXI582-Guys-1127-brain.nii.gz
584Guys1129,/home/julien/traineeship/mmiv/data/labels_bin/IXI584-Guys-1129-brain.nii.gz
585Guys1130,/home/julien/traineeship/mmiv/data/labels_bin/IXI585-Guys-1130-brain.nii.gz
586HH2451,/home/julien/traineeship/mmiv/data/labels_bin/IXI586-HH-2451-brain.nii.gz
587Guys1128,/home/julien/traineeship/mmiv/data/labels_bin/IXI587-Guys-1128-brain.nii.gz
588IOP1158,/home/julien/traineeship/mmiv/data/labels_bin/IXI588-IOP-1158-brain.nii.gz
589Guys1080,/home/julien/traineeship/mmiv/data/labels_bin/IXI589-Guys-1080-brain.nii.gz
591Guys1084,/home/julien/traineeship/mmiv/data/labels_bin/IXI591-Guys-1084-brain.nii.gz
592Guys1085,/home/julien/traineeship/mmiv/data/labels_bin/IXI592-Guys-1085-brain.nii.gz
593Guys1109,/home/julien/traineeship/mmiv/data/labels_bin/IXI593-Guys-1109-brain.nii.gz
594Guys1089,/home/julien/traineeship/mmiv/data/labels_bin/IXI594-Guys-1089-brain.nii.gz
595IOP1159,/home/julien/traineeship/mmiv/data/labels_bin/IXI595-IOP-1159-brain.nii.gz
596IOP1160,/home/julien/traineeship/mmiv/data/labels_bin/IXI596-IOP-1160-brain.nii.gz
597IOP1161,/home/julien/traineeship/mmiv/data/labels_bin/IXI597-IOP-1161-brain.nii.gz
598HH2606,/home/julien/traineeship/mmiv/data/labels_bin/IXI598-HH-2606-brain.nii.gz
599HH2659,/home/julien/traineeship/mmiv/data/labels_bin/IXI599-HH-2659-brain.nii.gz
600HH2660,/home/julien/traineeship/mmiv/data/labels_bin/IXI600-HH-2660-brain.nii.gz
601HH2700,/home/julien/traineeship/mmiv/data/labels_bin/IXI601-HH-2700-brain.nii.gz
603HH2701,/home/julien/traineeship/mmiv/data/labels_bin/IXI603-HH-2701-brain.nii.gz
605HH2598,/home/julien/traineeship/mmiv/data/labels_bin/IXI605-HH-2598-brain.nii.gz
606HH2601,/home/julien/traineeship/mmiv/data/labels_bin/IXI606-HH-2601-brain.nii.gz
607Guys1097,/home/julien/traineeship/mmiv/data/labels_bin/IXI607-Guys-1097-brain.nii.gz
608HH2599,/home/julien/traineeship/mmiv/data/labels_bin/IXI608-HH-2599-brain.nii.gz
609HH2600,/home/julien/traineeship/mmiv/data/labels_bin/IXI609-HH-2600-brain.nii.gz
610HH2649,/home/julien/traineeship/mmiv/data/labels_bin/IXI610-HH-2649-brain.nii.gz
611HH2650,/home/julien/traineeship/mmiv/data/labels_bin/IXI611-HH-2650-brain.nii.gz
612HH2688,/home/julien/traineeship/mmiv/data/labels_bin/IXI612-HH-2688-brain.nii.gz
613HH2734,/home/julien/traineeship/mmiv/data/labels_bin/IXI613-HH-2734-brain.nii.gz
614HH2735,/home/julien/traineeship/mmiv/data/labels_bin/IXI614-HH-2735-brain.nii.gz
616Guys1092,/home/julien/traineeship/mmiv/data/labels_bin/IXI616-Guys-1092-brain.nii.gz
617Guys1090,/home/julien/traineeship/mmiv/data/labels_bin/IXI617-Guys-1090-brain.nii.gz
618Guys1091,/home/julien/traineeship/mmiv/data/labels_bin/IXI618-Guys-1091-brain.nii.gz
619Guys1099,/home/julien/traineeship/mmiv/data/labels_bin/IXI619-Guys-1099-brain.nii.gz
621Guys1100,/home/julien/traineeship/mmiv/data/labels_bin/IXI621-Guys-1100-brain.nii.gz
622Guys1102,/home/julien/traineeship/mmiv/data/labels_bin/IXI622-Guys-1102-brain.nii.gz
623Guys1076,/home/julien/traineeship/mmiv/data/labels_bin/IXI623-Guys-1076-brain.nii.gz
625Guys1098,/home/julien/traineeship/mmiv/data/labels_bin/IXI625-Guys-1098-brain.nii.gz
626Guys1094,/home/julien/traineeship/mmiv/data/labels_bin/IXI626-Guys-1094-brain.nii.gz
627Guys1103,/home/julien/traineeship/mmiv/data/labels_bin/IXI627-Guys-1103-brain.nii.gz
629Guys1095,/home/julien/traineeship/mmiv/data/labels_bin/IXI629-Guys-1095-brain.nii.gz
630Guys1108,/home/julien/traineeship/mmiv/data/labels_bin/IXI630-Guys-1108-brain.nii.gz
631HH2651,/home/julien/traineeship/mmiv/data/labels_bin/IXI631-HH-2651-brain.nii.gz
632HH2652,/home/julien/traineeship/mmiv/data/labels_bin/IXI632-HH-2652-brain.nii.gz
633HH2689,/home/julien/traineeship/mmiv/data/labels_bin/IXI633-HH-2689-brain.nii.gz
634HH2690,/home/julien/traineeship/mmiv/data/labels_bin/IXI634-HH-2690-brain.nii.gz
635HH2691,/home/julien/traineeship/mmiv/data/labels_bin/IXI635-HH-2691-brain.nii.gz
636HH2733,/home/julien/traineeship/mmiv/data/labels_bin/IXI636-HH-2733-brain.nii.gz
637HH2785,/home/julien/traineeship/mmiv/data/labels_bin/IXI637-HH-2785-brain.nii.gz
638HH2786,/home/julien/traineeship/mmiv/data/labels_bin/IXI638-HH-2786-brain.nii.gz
639Guys1088,/home/julien/traineeship/mmiv/data/labels_bin/IXI639-Guys-1088-brain.nii.gz
640Guys1106,/home/julien/traineeship/mmiv/data/labels_bin/IXI640-Guys-1106-brain.nii.gz
641Guys1105,/home/julien/traineeship/mmiv/data/labels_bin/IXI641-Guys-1105-brain.nii.gz
642Guys1104,/home/julien/traineeship/mmiv/data/labels_bin/IXI642-Guys-1104-brain.nii.gz
643HH2787,/home/julien/traineeship/mmiv/data/labels_bin/IXI643-HH-2787-brain.nii.gz
644Guys1121,/home/julien/traineeship/mmiv/data/labels_bin/IXI644-Guys-1121-brain.nii.gz
646HH2653,/home/julien/traineeship/mmiv/data/labels_bin/IXI646-HH-2653-brain.nii.gz
648Guys1107,/home/julien/traineeship/mmiv/data/labels_bin/IXI648-Guys-1107-brain.nii.gz
651Guys1118,/home/julien/traineeship/mmiv/data/labels_bin/IXI651-Guys-1118-brain.nii.gz
652Guys1116,/home/julien/traineeship/mmiv/data/labels_bin/IXI652-Guys-1116-brain.nii.gz
653Guys1122,/home/julien/traineeship/mmiv/data/labels_bin/IXI653-Guys-1122-brain.nii.gz
661HH2788,/home/julien/traineeship/mmiv/data/labels_bin/IXI661-HH-2788-brain.nii.gz
662Guys1120,/home/julien/traineeship/mmiv/data/labels_bin/IXI662-Guys-1120-brain.nii.gz
